,t1,t2,ct
0,1,2,5
1,1,3,11
2,1,4,6
3,1,5,1
4,1,7,1
5,1,14,10
6,1,17,9
7,1,20,1
8,1,21,2
9,1,23,2
10,1,24,2
11,1,25,4
12,1,27,1
13,1,28,1
14,1,29,1
15,1,34,5
16,1,35,2
17,1,41,2
18,1,42,1
19,1,44,1
20,1,59,1
21,1,60,1
22,1,70,2
23,1,73,1
24,1,81,1
25,1,83,3
26,1,86,2
27,1,89,1
28,1,94,3
29,1,95,7
30,1,96,2
31,1,98,2
32,1,102,5
33,1,108,1
34,1,115,1
35,1,116,1
36,1,118,1
37,1,119,3
38,1,121,1
39,1,155,2
40,1,173,1
41,1,302,3
42,2,4,1
43,2,7,1
44,2,17,6
45,2,18,4
46,2,20,1
47,2,42,3
48,2,46,3
49,2,79,1
50,2,114,1
51,2,115,1
52,2,116,1
53,2,123,1
54,2,124,1
55,2,178,1
56,2,181,1
57,2,254,1
58,2,279,1
59,2,280,1
60,2,314,1
61,3,4,18
62,3,5,7
63,3,6,2
64,3,7,26
65,3,9,1
66,3,10,32
67,3,11,2
68,3,12,8
69,3,13,6
70,3,14,27
71,3,17,50
72,3,18,1
73,3,20,53
74,3,21,31
75,3,22,1
76,3,23,19
77,3,24,1
78,3,25,26
79,3,26,2
80,3,27,4
81,3,30,1
82,3,31,4
83,3,34,14
84,3,35,7
85,3,36,7
86,3,37,1
87,3,41,7
88,3,42,3
89,3,43,1
90,3,45,13
91,3,46,5
92,3,47,4
93,3,51,1
94,3,52,22
95,3,53,12
96,3,54,4
97,3,55,8
98,3,56,1
99,3,58,1
100,3,59,5
101,3,60,10
102,3,61,4
103,3,64,7
104,3,66,3
105,3,67,1
106,3,70,5
107,3,71,5
108,3,72,4
109,3,73,4
110,3,75,62
111,3,77,3
112,3,78,1
113,3,80,3
114,3,81,3
115,3,82,4
116,3,83,2
117,3,84,2
118,3,85,1
119,3,87,2
120,3,88,4
121,3,89,3
122,3,92,2
123,3,93,7
124,3,94,4
125,3,95,9
126,3,96,1
127,3,98,1
128,3,100,55
129,3,101,6
130,3,103,6
131,3,104,2
132,3,105,14
133,3,107,3
134,3,108,4
135,3,111,1
136,3,112,5
137,3,113,5
138,3,114,6
139,3,115,4
140,3,116,2
141,3,118,1
142,3,119,2
143,3,121,2
144,3,122,1
145,3,124,6
146,3,125,2
147,3,126,8
148,3,127,13
149,3,128,1
150,3,129,15
151,3,130,1
152,3,132,1
153,3,133,4
154,3,134,3
155,3,136,1
156,3,138,1
157,3,140,3
158,3,142,3
159,3,144,3
160,3,145,1
161,3,146,6
162,3,149,1
163,3,154,2
164,3,155,17
165,3,156,2
166,3,160,3
167,3,161,2
168,3,165,4
169,3,166,2
170,3,168,2
171,3,170,2
172,3,173,1
173,3,175,1
174,3,177,2
175,3,178,10
176,3,179,19
177,3,182,1
178,3,184,1
179,3,185,7
180,3,186,1
181,3,189,1
182,3,190,2
183,3,191,3
184,3,194,6
185,3,196,3
186,3,197,6
187,3,198,3
188,3,202,1
189,3,208,1
190,3,209,4
191,3,214,3
192,3,217,4
193,3,218,1
194,3,220,4
195,3,223,3
196,3,226,1
197,3,227,6
198,3,230,5
199,3,231,1
200,3,232,1
201,3,233,2
202,3,237,2
203,3,239,6
204,3,241,1
205,3,244,3
206,3,246,1
207,3,249,2
208,3,250,3
209,3,254,1
210,3,255,1
211,3,259,3
212,3,263,1
213,3,266,2
214,3,267,4
215,3,275,5
216,3,276,1
217,3,279,1
218,3,282,1
219,3,283,8
220,3,286,1
221,3,291,10
222,3,292,1
223,3,294,4
224,3,296,6
225,3,297,1
226,3,298,1
227,3,302,3
228,3,304,7
229,3,305,1
230,3,306,2
231,3,307,3
232,3,308,4
233,3,309,1
234,3,311,1
235,3,316,1
236,3,317,1
237,3,318,1
238,3,319,2
239,3,322,1
240,3,324,4
241,3,325,2
242,3,326,1
243,3,328,2
244,3,330,5
245,3,331,1
246,3,332,1
247,3,333,1
248,3,334,3
249,3,341,1
250,3,342,2
251,3,345,1
252,3,346,2
253,3,349,1
254,3,350,3
255,3,352,1
256,3,356,1
257,3,360,2
258,3,362,2
259,3,364,11
260,3,365,2
261,3,367,3
262,3,369,2
263,3,375,2
264,3,379,1
265,3,380,1
266,3,382,1
267,3,386,1
268,3,388,1
269,3,392,1
270,3,393,1
271,3,415,1
272,3,421,3
273,3,425,1
274,3,426,4
275,3,427,2
276,3,428,1
277,3,433,1
278,3,441,2
279,3,444,2
280,3,451,1
281,3,459,1
282,3,467,1
283,3,470,1
284,3,480,1
285,3,488,1
286,3,502,1
287,3,515,1
288,4,5,4
289,4,6,1
290,4,7,2
291,4,13,1
292,4,14,4
293,4,17,17
294,4,18,2
295,4,19,1
296,4,20,3
297,4,21,4
298,4,23,9
299,4,24,7
300,4,25,4
301,4,27,2
302,4,28,1
303,4,29,1
304,4,30,3
305,4,32,6
306,4,33,2
307,4,34,2
308,4,35,2
309,4,38,1
310,4,41,4
311,4,42,4
312,4,44,2
313,4,45,7
314,4,46,5
315,4,55,2
316,4,58,1
317,4,59,1
318,4,70,4
319,4,71,5
320,4,73,3
321,4,75,2
322,4,77,1
323,4,78,1
324,4,86,1
325,4,88,3
326,4,92,1
327,4,96,1
328,4,99,2
329,4,100,4
330,4,101,2
331,4,102,5
332,4,108,1
333,4,116,1
334,4,121,3
335,4,123,4
336,4,139,1
337,4,140,1
338,4,146,1
339,4,166,1
340,4,167,1
341,4,170,1
342,4,173,2
343,4,174,1
344,4,176,1
345,4,178,2
346,4,181,1
347,4,191,1
348,4,208,1
349,4,218,2
350,4,227,1
351,4,275,1
352,4,278,1
353,4,321,1
354,4,325,1
355,4,346,1
356,4,428,1
357,4,472,1
358,5,6,1
359,5,7,1
360,5,14,16
361,5,17,1
362,5,20,6
363,5,25,5
364,5,34,1
365,5,36,1
366,5,41,1
367,5,46,1
368,5,51,3
369,5,72,1
370,5,73,2
371,5,77,1
372,5,88,8
373,5,108,1
374,5,116,1
375,5,146,1
376,5,155,2
377,5,158,1
378,5,171,1
379,5,180,1
380,5,214,1
381,5,260,1
382,5,338,2
383,6,7,1
384,6,8,2
385,6,17,5
386,6,20,1
387,6,21,2
388,6,41,2
389,6,43,1
390,6,62,3
391,6,66,1
392,6,75,1
393,6,88,1
394,6,93,1
395,6,106,1
396,6,115,1
397,6,128,2
398,6,211,6
399,6,212,1
400,6,241,1
401,6,275,1
402,6,277,2
403,6,292,1
404,6,298,1
405,6,301,1
406,6,350,1
407,6,363,1
408,6,382,1
409,6,404,1
410,7,8,2
411,7,9,1
412,7,10,12
413,7,11,4
414,7,12,3
415,7,14,7
416,7,15,1
417,7,17,32
418,7,18,1
419,7,20,20
420,7,23,1
421,7,25,39
422,7,26,3
423,7,27,2
424,7,28,1
425,7,29,1
426,7,30,5
427,7,31,4
428,7,32,1
429,7,34,1
430,7,35,12
431,7,36,14
432,7,37,2
433,7,38,1
434,7,41,9
435,7,43,2
436,7,45,10
437,7,46,2
438,7,47,2
439,7,48,2
440,7,51,5
441,7,52,1
442,7,53,3
443,7,57,1
444,7,58,1
445,7,60,7
446,7,61,6
447,7,62,6
448,7,63,1
449,7,64,50
450,7,66,16
451,7,67,5
452,7,68,2
453,7,69,3
454,7,70,4
455,7,71,2
456,7,72,1
457,7,75,1
458,7,77,2
459,7,78,2
460,7,81,5
461,7,82,1
462,7,85,4
463,7,87,6
464,7,89,1
465,7,90,1
466,7,93,4
467,7,98,1
468,7,99,1
469,7,106,1
470,7,108,2
471,7,115,9
472,7,116,6
473,7,117,4
474,7,118,2
475,7,120,1
476,7,121,2
477,7,122,2
478,7,124,2
479,7,127,16
480,7,128,1
481,7,132,6
482,7,133,10
483,7,134,1
484,7,136,2
485,7,141,2
486,7,142,1
487,7,146,4
488,7,151,1
489,7,152,8
490,7,155,34
491,7,156,1
492,7,160,2
493,7,163,1
494,7,165,2
495,7,166,1
496,7,170,1
497,7,172,3
498,7,173,2
499,7,175,3
500,7,177,1
501,7,178,4
502,7,179,7
503,7,180,5
504,7,184,1
505,7,186,4
506,7,188,3
507,7,191,4
508,7,192,1
509,7,196,1
510,7,208,1
511,7,209,1
512,7,212,1
513,7,213,1
514,7,214,2
515,7,217,2
516,7,218,3
517,7,222,3
518,7,223,1
519,7,224,1
520,7,226,1
521,7,228,1
522,7,229,3
523,7,233,1
524,7,244,3
525,7,246,1
526,7,248,1
527,7,255,2
528,7,259,5
529,7,260,6
530,7,262,2
531,7,264,2
532,7,265,6
533,7,270,1
534,7,274,1
535,7,275,3
536,7,287,2
537,7,308,1
538,7,319,1
539,7,322,2
540,7,323,2
541,7,338,1
542,7,340,2
543,7,341,1
544,7,352,1
545,7,367,3
546,7,384,1
547,7,393,2
548,7,397,1
549,7,428,3
550,7,433,1
551,7,436,1
552,7,437,1
553,8,9,1
554,8,12,1
555,8,13,2
556,8,17,2
557,8,25,2
558,8,27,1
559,8,45,1
560,8,51,6
561,8,54,1
562,8,60,1
563,8,62,7
564,8,63,1
565,8,69,4
566,8,73,2
567,8,81,1
568,8,82,1
569,8,84,3
570,8,85,2
571,8,89,1
572,8,106,2
573,8,107,4
574,8,115,1
575,8,117,1
576,8,118,1
577,8,126,6
578,8,127,17
579,8,133,5
580,8,149,1
581,8,155,6
582,8,166,1
583,8,178,2
584,8,179,2
585,8,181,1
586,8,184,1
587,8,191,2
588,8,197,2
589,8,202,1
590,8,211,2
591,8,234,4
592,8,241,2
593,8,244,1
594,8,248,1
595,8,255,1
596,8,256,2
597,8,263,1
598,8,265,1
599,8,266,2
600,8,317,1
601,8,341,1
602,8,357,1
603,8,382,1
604,8,402,1
605,8,414,1
606,8,415,1
607,8,430,1
608,8,458,1
609,8,507,1
610,9,14,1
611,9,22,1
612,9,34,1
613,9,35,1
614,9,41,2
615,10,11,7
616,10,14,6
617,10,17,9
618,10,20,4
619,10,25,13
620,10,26,1
621,10,34,2
622,10,36,2
623,10,41,1
624,10,42,1
625,10,45,10
626,10,54,1
627,10,62,1
628,10,64,3
629,10,81,1
630,10,89,1
631,10,108,1
632,10,115,1
633,10,116,1
634,10,122,1
635,10,126,1
636,10,127,6
637,10,132,1
638,10,133,2
639,10,134,2
640,10,149,1
641,10,152,1
642,10,155,5
643,10,160,16
644,10,161,7
645,10,165,3
646,10,177,1
647,10,196,1
648,10,208,1
649,10,249,3
650,10,250,5
651,10,254,1
652,10,262,1
653,10,263,1
654,10,266,2
655,10,267,5
656,10,273,1
657,10,276,1
658,10,291,3
659,10,334,1
660,10,367,1
661,10,380,1
662,10,395,1
663,10,397,1
664,10,399,1
665,10,423,1
666,10,493,1
667,10,496,2
668,11,17,3
669,11,20,1
670,11,25,4
671,11,36,1
672,11,41,1
673,11,45,1
674,11,81,1
675,11,122,1
676,11,155,1
677,11,160,1
678,11,208,1
679,11,223,1
680,11,397,1
681,12,13,1
682,12,14,2
683,12,17,3
684,12,19,1
685,12,20,2
686,12,25,2
687,12,30,1
688,12,31,1
689,12,34,1
690,12,35,1
691,12,41,1
692,12,42,1
693,12,46,1
694,12,48,1
695,12,54,10
696,12,72,5
697,12,73,1
698,12,74,1
699,12,81,1
700,12,106,1
701,12,118,3
702,12,124,2
703,12,127,3
704,12,130,1
705,12,133,3
706,12,142,2
707,12,157,1
708,12,172,2
709,12,178,2
710,12,181,1
711,12,184,1
712,12,196,1
713,12,202,1
714,12,211,1
715,12,217,1
716,12,242,1
717,12,278,1
718,12,282,1
719,12,283,1
720,12,284,1
721,12,288,1
722,12,314,1
723,12,323,2
724,12,328,1
725,12,357,1
726,12,388,1
727,12,397,2
728,12,403,1
729,12,444,5
730,12,448,1
731,12,455,1
732,12,475,2
733,13,14,1
734,13,15,1
735,13,20,2
736,13,45,1
737,13,48,1
738,13,50,1
739,13,52,4
740,13,54,2
741,13,72,17
742,13,73,6
743,13,74,1
744,13,82,1
745,13,93,2
746,13,99,1
747,13,110,1
748,13,119,1
749,13,144,1
750,13,186,2
751,13,190,1
752,13,217,1
753,13,220,1
754,13,238,1
755,13,301,2
756,13,308,1
757,13,314,1
758,13,322,2
759,13,367,1
760,13,402,1
761,13,418,1
762,13,499,2
763,14,15,6
764,14,16,4
765,14,17,7
766,14,20,8
767,14,21,5
768,14,23,4
769,14,25,1
770,14,27,4
771,14,30,2
772,14,31,2
773,14,34,22
774,14,35,9
775,14,36,3
776,14,38,1
777,14,41,5
778,14,45,11
779,14,51,1
780,14,52,2
781,14,53,1
782,14,54,2
783,14,55,3
784,14,57,8
785,14,59,1
786,14,60,5
787,14,61,5
788,14,62,1
789,14,64,2
790,14,66,2
791,14,72,1
792,14,73,2
793,14,75,1
794,14,77,6
795,14,86,2
796,14,88,5
797,14,89,8
798,14,91,2
799,14,92,4
800,14,93,1
801,14,94,1
802,14,95,5
803,14,96,1
804,14,98,2
805,14,102,2
806,14,107,4
807,14,110,1
808,14,112,2
809,14,115,3
810,14,116,1
811,14,118,7
812,14,119,9
813,14,121,1
814,14,122,6
815,14,126,3
816,14,133,1
817,14,140,5
818,14,141,1
819,14,146,2
820,14,150,1
821,14,155,8
822,14,159,3
823,14,160,4
824,14,161,2
825,14,168,1
826,14,170,1
827,14,177,2
828,14,178,3
829,14,179,2
830,14,180,1
831,14,192,2
832,14,194,1
833,14,196,1
834,14,197,1
835,14,200,2
836,14,212,1
837,14,221,1
838,14,227,2
839,14,228,1
840,14,242,2
841,14,259,1
842,14,263,1
843,14,266,1
844,14,268,1
845,14,275,1
846,14,276,1
847,14,278,2
848,14,283,1
849,14,284,1
850,14,289,1
851,14,299,1
852,14,302,1
853,14,303,1
854,14,305,2
855,14,348,1
856,14,349,1
857,14,355,1
858,14,363,1
859,14,375,1
860,14,381,1
861,14,412,1
862,14,420,1
863,14,464,4
864,14,465,1
865,14,468,1
866,15,16,20
867,15,17,10
868,15,20,3
869,15,21,6
870,15,23,1
871,15,25,3
872,15,27,1
873,15,34,4
874,15,46,1
875,15,49,10
876,15,50,7
877,15,51,1
878,15,54,1
879,15,62,1
880,15,72,1
881,15,73,3
882,15,78,1
883,15,84,2
884,15,89,1
885,15,108,1
886,15,112,1
887,15,115,1
888,15,127,1
889,15,146,1
890,15,159,1
891,15,170,1
892,15,172,1
893,15,177,1
894,15,178,1
895,15,184,1
896,15,196,5
897,15,217,7
898,15,220,1
899,15,231,1
900,15,234,2
901,15,235,15
902,15,239,1
903,15,268,1
904,15,341,1
905,15,441,1
906,16,17,1
907,16,20,2
908,16,23,1
909,16,49,7
910,16,50,1
911,16,51,1
912,16,108,2
913,16,122,1
914,16,124,2
915,16,162,1
916,16,184,1
917,16,220,1
918,16,235,5
919,16,239,1
920,16,282,1
921,16,301,1
922,16,341,1
923,17,18,30
924,17,19,19
925,17,20,44
926,17,21,32
927,17,23,9
928,17,24,2
929,17,25,62
930,17,26,13
931,17,27,2
932,17,28,3
933,17,29,1
934,17,30,19
935,17,32,3
936,17,33,2
937,17,34,2
938,17,35,4
939,17,36,2
940,17,38,6
941,17,39,1
942,17,40,1
943,17,41,9
944,17,42,10
945,17,45,11
946,17,46,18
947,17,49,12
948,17,50,5
949,17,51,5
950,17,52,1
951,17,55,7
952,17,56,12
953,17,59,5
954,17,60,2
955,17,61,2
956,17,62,7
957,17,63,3
958,17,64,4
959,17,65,4
960,17,66,5
961,17,68,4
962,17,69,3
963,17,70,7
964,17,71,4
965,17,75,2
966,17,77,6
967,17,78,3
968,17,79,20
969,17,80,2
970,17,81,12
971,17,82,2
972,17,83,2
973,17,84,1
974,17,85,7
975,17,88,4
976,17,89,1
977,17,93,8
978,17,94,1
979,17,95,5
980,17,96,1
981,17,97,1
982,17,99,7
983,17,100,3
984,17,102,4
985,17,106,22
986,17,107,3
987,17,108,1
988,17,112,1
989,17,114,2
990,17,115,10
991,17,116,8
992,17,117,3
993,17,119,1
994,17,121,1
995,17,122,3
996,17,123,2
997,17,126,4
998,17,127,19
999,17,128,4
1000,17,130,1
1001,17,131,3
1002,17,133,6
1003,17,134,1
1004,17,136,3
1005,17,139,4
1006,17,140,4
1007,17,142,3
1008,17,146,18
1009,17,149,2
1010,17,150,1
1011,17,151,4
1012,17,152,2
1013,17,154,1
1014,17,155,15
1015,17,156,2
1016,17,158,2
1017,17,160,2
1018,17,161,3
1019,17,162,1
1020,17,163,3
1021,17,164,1
1022,17,167,1
1023,17,170,3
1024,17,171,2
1025,17,172,3
1026,17,173,2
1027,17,177,4
1028,17,178,48
1029,17,179,9
1030,17,180,3
1031,17,181,7
1032,17,183,1
1033,17,184,4
1034,17,186,1
1035,17,187,2
1036,17,192,1
1037,17,196,5
1038,17,199,4
1039,17,206,1
1040,17,208,7
1041,17,209,4
1042,17,211,5
1043,17,212,1
1044,17,213,1
1045,17,216,1
1046,17,217,1
1047,17,218,3
1048,17,219,3
1049,17,221,2
1050,17,223,4
1051,17,224,2
1052,17,227,1
1053,17,229,5
1054,17,231,1
1055,17,232,1
1056,17,233,2
1057,17,234,4
1058,17,236,1
1059,17,237,1
1060,17,238,2
1061,17,243,2
1062,17,244,1
1063,17,247,1
1064,17,248,2
1065,17,251,1
1066,17,254,5
1067,17,257,1
1068,17,260,3
1069,17,261,2
1070,17,262,8
1071,17,264,5
1072,17,266,1
1073,17,267,1
1074,17,268,2
1075,17,269,2
1076,17,270,4
1077,17,272,1
1078,17,273,4
1079,17,274,1
1080,17,275,7
1081,17,277,1
1082,17,279,2
1083,17,285,3
1084,17,286,1
1085,17,290,1
1086,17,291,1
1087,17,292,1
1088,17,300,1
1089,17,301,2
1090,17,306,2
1091,17,307,1
1092,17,312,1
1093,17,320,2
1094,17,321,1
1095,17,323,1
1096,17,328,3
1097,17,333,1
1098,17,334,1
1099,17,342,1
1100,17,343,1
1101,17,346,1
1102,17,352,1
1103,17,353,1
1104,17,364,2
1105,17,365,1
1106,17,367,2
1107,17,368,1
1108,17,382,2
1109,17,384,1
1110,17,393,2
1111,17,395,1
1112,17,402,1
1113,17,403,1
1114,17,409,3
1115,17,413,1
1116,17,415,1
1117,17,434,2
1118,17,436,1
1119,17,444,1
1120,17,446,1
1121,17,460,1
1122,17,462,1
1123,17,466,1
1124,17,473,2
1125,17,479,1
1126,17,488,1
1127,17,492,2
1128,17,503,1
1129,17,504,1
1130,18,19,14
1131,18,20,7
1132,18,21,6
1133,18,23,2
1134,18,25,1
1135,18,26,1
1136,18,30,3
1137,18,35,2
1138,18,38,2
1139,18,39,8
1140,18,40,1
1141,18,41,2
1142,18,42,1
1143,18,46,2
1144,18,47,5
1145,18,48,5
1146,18,51,1
1147,18,55,1
1148,18,65,1
1149,18,79,4
1150,18,80,1
1151,18,81,1
1152,18,93,1
1153,18,100,1
1154,18,104,1
1155,18,114,1
1156,18,115,1
1157,18,122,2
1158,18,123,2
1159,18,126,1
1160,18,132,1
1161,18,133,1
1162,18,142,1
1163,18,155,1
1164,18,163,3
1165,18,186,7
1166,18,206,3
1167,18,214,3
1168,18,238,1
1169,18,239,1
1170,18,279,1
1171,18,299,1
1172,18,300,2
1173,18,312,2
1174,18,328,1
1175,18,342,1
1176,18,343,2
1177,18,363,1
1178,18,483,1
1179,19,20,12
1180,19,21,2
1181,19,25,2
1182,19,30,1
1183,19,35,1
1184,19,38,4
1185,19,39,1
1186,19,41,1
1187,19,46,5
1188,19,47,1
1189,19,53,1
1190,19,65,2
1191,19,75,2
1192,19,78,1
1193,19,79,12
1194,19,100,2
1195,19,101,1
1196,19,104,1
1197,19,114,1
1198,19,116,1
1199,19,135,1
1200,19,144,1
1201,19,178,2
1202,19,181,1
1203,19,186,1
1204,19,208,1
1205,19,217,1
1206,19,238,1
1207,19,239,1
1208,19,240,2
1209,19,254,2
1210,19,261,3
1211,19,279,1
1212,19,301,1
1213,19,312,1
1214,19,396,2
1215,19,504,1
1216,20,21,18
1217,20,22,3
1218,20,23,2
1219,20,25,43
1220,20,26,3
1221,20,28,1
1222,20,30,1
1223,20,31,1
1224,20,32,1
1225,20,33,3
1226,20,34,6
1227,20,35,5
1228,20,36,10
1229,20,38,1
1230,20,39,4
1231,20,40,3
1232,20,41,11
1233,20,42,2
1234,20,43,2
1235,20,45,2
1236,20,46,4
1237,20,47,7
1238,20,48,3
1239,20,49,3
1240,20,50,5
1241,20,51,3
1242,20,52,17
1243,20,53,5
1244,20,54,2
1245,20,55,5
1246,20,56,8
1247,20,57,4
1248,20,58,1
1249,20,60,3
1250,20,61,3
1251,20,64,1
1252,20,66,14
1253,20,70,1
1254,20,72,4
1255,20,73,1
1256,20,75,46
1257,20,77,2
1258,20,79,1
1259,20,80,3
1260,20,81,1
1261,20,84,2
1262,20,87,9
1263,20,89,1
1264,20,93,4
1265,20,94,1
1266,20,95,1
1267,20,96,1
1268,20,99,1
1269,20,100,40
1270,20,101,3
1271,20,103,2
1272,20,104,4
1273,20,105,6
1274,20,108,6
1275,20,112,1
1276,20,113,4
1277,20,114,15
1278,20,115,9
1279,20,118,7
1280,20,119,8
1281,20,120,2
1282,20,122,16
1283,20,124,8
1284,20,126,5
1285,20,127,6
1286,20,129,2
1287,20,130,1
1288,20,131,1
1289,20,132,4
1290,20,137,1
1291,20,138,1
1292,20,139,1
1293,20,140,2
1294,20,141,1
1295,20,143,3
1296,20,144,6
1297,20,145,3
1298,20,146,1
1299,20,148,2
1300,20,149,3
1301,20,151,1
1302,20,152,5
1303,20,155,6
1304,20,156,1
1305,20,158,1
1306,20,162,1
1307,20,165,1
1308,20,166,2
1309,20,170,1
1310,20,171,1
1311,20,172,1
1312,20,173,1
1313,20,177,2
1314,20,178,12
1315,20,179,1
1316,20,180,6
1317,20,181,3
1318,20,184,1
1319,20,186,5
1320,20,187,3
1321,20,188,3
1322,20,190,5
1323,20,191,1
1324,20,192,8
1325,20,193,2
1326,20,194,7
1327,20,195,1
1328,20,196,2
1329,20,199,5
1330,20,203,2
1331,20,206,14
1332,20,208,3
1333,20,209,2
1334,20,210,1
1335,20,214,15
1336,20,217,5
1337,20,218,4
1338,20,219,4
1339,20,220,11
1340,20,226,3
1341,20,228,1
1342,20,229,1
1343,20,230,7
1344,20,232,2
1345,20,236,2
1346,20,238,3
1347,20,239,1
1348,20,241,3
1349,20,244,1
1350,20,245,4
1351,20,251,1
1352,20,252,1
1353,20,253,1
1354,20,254,1
1355,20,255,5
1356,20,258,1
1357,20,259,3
1358,20,261,3
1359,20,263,1
1360,20,265,1
1361,20,268,1
1362,20,271,1
1363,20,272,2
1364,20,274,3
1365,20,278,1
1366,20,282,1
1367,20,283,1
1368,20,286,1
1369,20,287,1
1370,20,288,1
1371,20,289,4
1372,20,292,1
1373,20,293,1
1374,20,294,1
1375,20,295,1
1376,20,296,2
1377,20,300,3
1378,20,301,3
1379,20,302,2
1380,20,303,2
1381,20,304,4
1382,20,311,1
1383,20,313,2
1384,20,315,1
1385,20,316,2
1386,20,322,1
1387,20,325,1
1388,20,326,1
1389,20,329,4
1390,20,330,3
1391,20,336,1
1392,20,337,1
1393,20,342,1
1394,20,343,1
1395,20,350,2
1396,20,352,1
1397,20,355,1
1398,20,364,3
1399,20,367,1
1400,20,369,5
1401,20,381,1
1402,20,382,32
1403,20,390,1
1404,20,393,1
1405,20,397,1
1406,20,410,4
1407,20,411,2
1408,20,415,1
1409,20,422,1
1410,20,423,6
1411,20,428,1
1412,20,437,1
1413,20,441,1
1414,20,444,1
1415,20,458,1
1416,20,466,1
1417,20,473,1
1418,20,495,1
1419,21,22,9
1420,21,23,30
1421,21,24,5
1422,21,25,8
1423,21,26,1
1424,21,30,1
1425,21,31,8
1426,21,32,1
1427,21,33,2
1428,21,34,2
1429,21,35,2
1430,21,41,7
1431,21,45,1
1432,21,46,1
1433,21,50,1
1434,21,51,1
1435,21,52,14
1436,21,53,2
1437,21,55,4
1438,21,58,1
1439,21,59,6
1440,21,60,1
1441,21,61,1
1442,21,62,2
1443,21,64,2
1444,21,66,1
1445,21,69,1
1446,21,75,13
1447,21,79,3
1448,21,80,9
1449,21,87,1
1450,21,88,2
1451,21,93,1
1452,21,99,8
1453,21,100,22
1454,21,103,1
1455,21,105,3
1456,21,111,4
1457,21,113,4
1458,21,114,2
1459,21,115,1
1460,21,116,3
1461,21,117,1
1462,21,127,1
1463,21,129,3
1464,21,132,1
1465,21,139,2
1466,21,142,2
1467,21,146,3
1468,21,151,2
1469,21,155,2
1470,21,164,1
1471,21,170,1
1472,21,171,1
1473,21,172,1
1474,21,178,12
1475,21,184,1
1476,21,199,2
1477,21,209,10
1478,21,212,1
1479,21,214,1
1480,21,216,1
1481,21,217,5
1482,21,228,1
1483,21,229,1
1484,21,232,2
1485,21,233,3
1486,21,240,1
1487,21,247,1
1488,21,251,1
1489,21,252,1
1490,21,254,2
1491,21,259,1
1492,21,262,1
1493,21,264,1
1494,21,268,4
1495,21,269,1
1496,21,275,11
1497,21,277,2
1498,21,290,1
1499,21,294,1
1500,21,298,1
1501,21,300,3
1502,21,301,3
1503,21,304,2
1504,21,306,1
1505,21,313,1
1506,21,318,1
1507,21,319,2
1508,21,321,1
1509,21,324,5
1510,21,326,2
1511,21,342,4
1512,21,348,1
1513,21,349,1
1514,21,353,1
1515,21,362,1
1516,21,363,1
1517,21,365,2
1518,21,393,1
1519,21,398,1
1520,21,460,1
1521,21,479,2
1522,22,41,3
1523,22,51,1
1524,22,53,1
1525,22,55,1
1526,22,80,4
1527,22,99,1
1528,22,111,4
1529,22,113,1
1530,22,114,2
1531,22,119,1
1532,22,122,1
1533,22,142,1
1534,22,209,1
1535,22,214,1
1536,22,342,1
1537,22,348,1
1538,22,363,2
1539,23,24,10
1540,23,25,3
1541,23,34,1
1542,23,35,4
1543,23,36,2
1544,23,45,1
1545,23,55,1
1546,23,59,12
1547,23,81,1
1548,23,87,1
1549,23,98,1
1550,23,99,3
1551,23,100,3
1552,23,116,3
1553,23,136,1
1554,23,139,2
1555,23,178,4
1556,23,214,1
1557,23,221,1
1558,23,233,1
1559,23,235,1
1560,23,241,2
1561,23,259,1
1562,23,268,1
1563,23,275,4
1564,23,300,1
1565,23,349,1
1566,24,59,1
1567,24,275,1
1568,25,26,21
1569,25,30,5
1570,25,31,2
1571,25,35,6
1572,25,36,14
1573,25,37,1
1574,25,38,2
1575,25,41,3
1576,25,43,1
1577,25,45,34
1578,25,46,1
1579,25,47,1
1580,25,49,3
1581,25,50,2
1582,25,51,1
1583,25,52,1
1584,25,53,2
1585,25,56,2
1586,25,57,1
1587,25,58,1
1588,25,60,2
1589,25,61,1
1590,25,62,3
1591,25,64,20
1592,25,66,10
1593,25,68,3
1594,25,69,1
1595,25,70,3
1596,25,75,1
1597,25,77,1
1598,25,78,3
1599,25,81,5
1600,25,85,4
1601,25,86,2
1602,25,87,7
1603,25,88,2
1604,25,89,3
1605,25,91,1
1606,25,92,1
1607,25,93,1
1608,25,99,4
1609,25,100,2
1610,25,102,3
1611,25,106,3
1612,25,108,2
1613,25,115,11
1614,25,116,5
1615,25,117,4
1616,25,118,1
1617,25,119,1
1618,25,122,8
1619,25,126,1
1620,25,127,13
1621,25,132,4
1622,25,133,5
1623,25,134,1
1624,25,136,1
1625,25,140,1
1626,25,141,1
1627,25,146,8
1628,25,151,1
1629,25,152,4
1630,25,155,10
1631,25,158,5
1632,25,160,3
1633,25,169,1
1634,25,170,2
1635,25,171,2
1636,25,178,12
1637,25,179,2
1638,25,180,3
1639,25,181,8
1640,25,184,1
1641,25,186,4
1642,25,188,6
1643,25,191,1
1644,25,196,1
1645,25,199,9
1646,25,208,5
1647,25,212,1
1648,25,213,1
1649,25,214,2
1650,25,217,1
1651,25,218,2
1652,25,219,2
1653,25,223,1
1654,25,224,1
1655,25,226,1
1656,25,227,1
1657,25,231,4
1658,25,233,1
1659,25,236,2
1660,25,241,1
1661,25,243,3
1662,25,253,2
1663,25,254,1
1664,25,255,1
1665,25,259,3
1666,25,260,1
1667,25,262,4
1668,25,263,2
1669,25,264,2
1670,25,272,1
1671,25,273,1
1672,25,274,1
1673,25,275,1
1674,25,286,1
1675,25,306,1
1676,25,328,1
1677,25,338,1
1678,25,342,1
1679,25,367,2
1680,25,378,1
1681,25,384,1
1682,25,395,2
1683,25,402,1
1684,25,409,1
1685,25,464,1
1686,25,473,1
1687,25,492,1
1688,26,38,1
1689,26,41,1
1690,26,47,2
1691,26,53,1
1692,26,54,1
1693,26,64,2
1694,26,66,2
1695,26,93,1
1696,26,99,1
1697,26,100,1
1698,26,104,2
1699,26,114,3
1700,26,115,1
1701,26,119,1
1702,26,122,3
1703,26,126,2
1704,26,132,1
1705,26,140,1
1706,26,146,2
1707,26,149,1
1708,26,155,2
1709,26,158,1
1710,26,178,3
1711,26,186,5
1712,26,187,1
1713,26,199,1
1714,26,214,3
1715,26,217,3
1716,26,218,2
1717,26,236,1
1718,26,238,1
1719,26,251,2
1720,26,286,1
1721,26,326,1
1722,26,382,2
1723,26,483,1
1724,26,495,1
1725,27,28,3
1726,27,29,2
1727,27,34,2
1728,27,36,2
1729,27,38,1
1730,27,42,2
1731,27,45,7
1732,27,51,3
1733,27,70,1
1734,27,77,1
1735,27,91,5
1736,27,92,7
1737,27,96,1
1738,27,116,1
1739,27,127,2
1740,27,140,1
1741,27,151,1
1742,27,167,2
1743,27,177,4
1744,27,191,1
1745,27,221,1
1746,27,234,1
1747,27,244,1
1748,27,263,1
1749,27,291,2
1750,27,334,2
1751,27,392,8
1752,27,463,2
1753,28,29,4
1754,28,38,1
1755,28,40,1
1756,28,42,2
1757,28,70,1
1758,28,77,1
1759,28,79,1
1760,28,100,1
1761,28,127,1
1762,28,167,1
1763,28,258,1
1764,28,315,1
1765,28,396,1
1766,29,38,1
1767,29,42,1
1768,29,45,1
1769,29,92,1
1770,29,127,1
1771,29,167,2
1772,30,31,2
1773,30,32,4
1774,30,35,13
1775,30,38,5
1776,30,39,1
1777,30,40,1
1778,30,41,17
1779,30,43,2
1780,30,46,2
1781,30,47,1
1782,30,48,4
1783,30,58,1
1784,30,60,2
1785,30,61,1
1786,30,64,1
1787,30,66,1
1788,30,71,1
1789,30,77,1
1790,30,78,4
1791,30,100,2
1792,30,104,1
1793,30,114,2
1794,30,116,4
1795,30,117,1
1796,30,120,1
1797,30,121,1
1798,30,122,1
1799,30,141,1
1800,30,144,2
1801,30,163,6
1802,30,173,1
1803,30,176,2
1804,30,178,3
1805,30,179,1
1806,30,180,2
1807,30,186,1
1808,30,187,1
1809,30,192,1
1810,30,199,1
1811,30,206,1
1812,30,214,3
1813,30,217,1
1814,30,218,7
1815,30,219,7
1816,30,243,4
1817,30,254,1
1818,30,274,3
1819,30,283,1
1820,30,299,3
1821,30,313,3
1822,30,326,1
1823,30,338,1
1824,30,342,1
1825,30,367,1
1826,30,437,1
1827,30,466,4
1828,31,35,4
1829,31,41,1
1830,31,42,1
1831,31,49,1
1832,31,51,1
1833,31,52,1
1834,31,54,1
1835,31,55,1
1836,31,64,3
1837,31,67,1
1838,31,68,1
1839,31,72,1
1840,31,73,2
1841,31,78,1
1842,31,82,2
1843,31,85,1
1844,31,112,1
1845,31,114,1
1846,31,115,1
1847,31,120,2
1848,31,127,6
1849,31,128,2
1850,31,130,1
1851,31,133,1
1852,31,143,3
1853,31,144,1
1854,31,145,1
1855,31,146,3
1856,31,177,1
1857,31,178,1
1858,31,179,1
1859,31,187,1
1860,31,191,1
1861,31,202,1
1862,31,217,2
1863,31,218,7
1864,31,219,1
1865,31,222,1
1866,31,248,1
1867,31,275,2
1868,31,282,2
1869,31,291,2
1870,31,301,1
1871,31,334,1
1872,31,340,1
1873,31,367,1
1874,31,393,1
1875,31,451,1
1876,31,470,1
1877,32,33,8
1878,32,42,1
1879,32,57,1
1880,32,174,1
1881,32,178,1
1882,32,209,1
1883,32,283,1
1884,32,290,1
1885,33,55,1
1886,33,114,1
1887,33,119,1
1888,33,178,1
1889,33,206,1
1890,33,209,1
1891,33,290,1
1892,33,295,1
1893,33,338,1
1894,34,35,4
1895,34,41,3
1896,34,45,1
1897,34,50,1
1898,34,52,1
1899,34,54,3
1900,34,57,1
1901,34,60,3
1902,34,61,1
1903,34,62,1
1904,34,72,1
1905,34,75,2
1906,34,82,1
1907,34,86,2
1908,34,89,2
1909,34,90,3
1910,34,92,2
1911,34,95,1
1912,34,102,3
1913,34,107,1
1914,34,118,1
1915,34,120,1
1916,34,127,1
1917,34,146,2
1918,34,148,4
1919,34,159,3
1920,34,160,1
1921,34,161,1
1922,34,166,1
1923,34,170,4
1924,34,177,1
1925,34,178,1
1926,34,197,6
1927,34,198,1
1928,34,199,1
1929,34,227,1
1930,34,231,1
1931,34,241,3
1932,34,247,1
1933,34,283,1
1934,34,294,1
1935,34,307,1
1936,34,308,1
1937,34,345,1
1938,34,352,1
1939,34,398,1
1940,35,36,3
1941,35,41,9
1942,35,42,2
1943,35,43,5
1944,35,44,1
1945,35,45,1
1946,35,46,1
1947,35,48,1
1948,35,51,1
1949,35,55,9
1950,35,58,3
1951,35,59,1
1952,35,64,6
1953,35,66,6
1954,35,75,1
1955,35,79,2
1956,35,84,1
1957,35,85,1
1958,35,86,7
1959,35,87,1
1960,35,89,1
1961,35,100,1
1962,35,101,1
1963,35,104,1
1964,35,106,1
1965,35,119,1
1966,35,120,3
1967,35,123,1
1968,35,140,1
1969,35,141,2
1970,35,142,1
1971,35,146,2
1972,35,155,1
1973,35,163,1
1974,35,169,1
1975,35,171,1
1976,35,173,1
1977,35,180,1
1978,35,183,1
1979,35,202,1
1980,35,213,1
1981,35,218,1
1982,35,233,1
1983,35,241,1
1984,35,244,1
1985,35,255,1
1986,35,259,2
1987,35,264,1
1988,35,265,3
1989,35,268,1
1990,35,269,1
1991,35,282,1
1992,35,291,1
1993,35,299,1
1994,35,313,2
1995,35,342,1
1996,35,421,1
1997,35,437,1
1998,35,470,1
1999,36,37,6
2000,36,45,11
2001,36,54,1
2002,36,60,2
2003,36,64,2
2004,36,77,1
2005,36,87,15
2006,36,91,1
2007,36,98,2
2008,36,115,2
2009,36,116,3
2010,36,117,1
2011,36,118,4
2012,36,122,2
2013,36,127,1
2014,36,133,1
2015,36,146,1
2016,36,155,1
2017,36,175,1
2018,36,177,1
2019,36,178,2
2020,36,191,2
2021,36,199,1
2022,36,226,3
2023,36,231,1
2024,36,255,2
2025,36,259,1
2026,36,268,2
2027,36,284,1
2028,36,287,1
2029,36,305,2
2030,36,337,1
2031,36,338,2
2032,36,397,1
2033,36,467,1
2034,37,45,1
2035,37,87,8
2036,37,98,2
2037,37,122,1
2038,37,214,1
2039,37,217,1
2040,37,226,6
2041,37,255,2
2042,38,39,1
2043,38,40,2
2044,38,41,1
2045,38,47,7
2046,38,64,3
2047,38,66,1
2048,38,75,3
2049,38,77,3
2050,38,79,1
2051,38,100,2
2052,38,102,1
2053,38,107,1
2054,38,116,9
2055,38,117,3
2056,38,135,3
2057,38,139,1
2058,38,144,1
2059,38,155,1
2060,38,158,3
2061,38,163,1
2062,38,167,2
2063,38,178,1
2064,38,179,1
2065,38,185,1
2066,38,187,1
2067,38,200,1
2068,38,219,1
2069,38,240,2
2070,38,258,1
2071,38,278,1
2072,38,315,1
2073,38,374,1
2074,38,396,1
2075,38,428,1
2076,38,466,1
2077,39,40,3
2078,39,46,1
2079,39,47,1
2080,39,48,3
2081,39,79,1
2082,39,115,1
2083,39,122,2
2084,39,132,1
2085,39,186,3
2086,39,187,2
2087,39,214,2
2088,40,47,1
2089,40,48,4
2090,40,77,1
2091,40,79,1
2092,40,118,1
2093,40,122,1
2094,40,179,1
2095,40,186,1
2096,40,187,3
2097,40,289,1
2098,40,390,1
2099,40,396,1
2100,41,42,1
2101,41,43,7
2102,41,44,2
2103,41,45,2
2104,41,46,1
2105,41,51,1
2106,41,55,9
2107,41,56,1
2108,41,58,2
2109,41,61,1
2110,41,64,1
2111,41,66,3
2112,41,72,1
2113,41,79,1
2114,41,80,5
2115,41,84,1
2116,41,88,2
2117,41,89,1
2118,41,93,1
2119,41,99,1
2120,41,104,1
2121,41,111,4
2122,41,112,3
2123,41,114,4
2124,41,115,2
2125,41,122,1
2126,41,124,1
2127,41,127,2
2128,41,128,1
2129,41,136,1
2130,41,142,9
2131,41,163,2
2132,41,171,1
2133,41,181,1
2134,41,184,1
2135,41,187,1
2136,41,188,2
2137,41,202,1
2138,41,206,4
2139,41,214,2
2140,41,218,1
2141,41,219,1
2142,41,229,1
2143,41,238,1
2144,41,241,3
2145,41,243,1
2146,41,244,1
2147,41,249,1
2148,41,251,3
2149,41,252,1
2150,41,254,1
2151,41,259,1
2152,41,264,2
2153,41,282,2
2154,41,286,1
2155,41,291,1
2156,41,298,1
2157,41,313,1
2158,41,334,1
2159,41,338,1
2160,41,342,1
2161,41,355,4
2162,41,363,6
2163,41,366,1
2164,41,373,2
2165,41,401,1
2166,41,418,1
2167,42,43,1
2168,42,44,1
2169,42,46,2
2170,42,70,1
2171,42,75,1
2172,42,82,1
2173,42,83,1
2174,42,86,1
2175,42,99,1
2176,42,100,1
2177,42,102,1
2178,42,118,1
2179,42,121,1
2180,42,123,1
2181,42,124,1
2182,42,127,1
2183,42,134,1
2184,42,142,1
2185,42,146,3
2186,42,178,2
2187,42,181,1
2188,42,254,1
2189,42,262,1
2190,42,282,1
2191,42,283,1
2192,42,291,1
2193,42,308,1
2194,43,44,1
2195,43,55,1
2196,43,60,2
2197,43,64,4
2198,43,66,2
2199,43,119,1
2200,43,120,1
2201,43,132,1
2202,43,155,2
2203,43,181,1
2204,43,184,1
2205,43,188,1
2206,43,214,1
2207,43,249,1
2208,43,259,1
2209,43,299,1
2210,43,322,1
2211,43,363,1
2212,43,366,1
2213,44,123,1
2214,45,46,1
2215,45,47,1
2216,45,51,1
2217,45,62,1
2218,45,70,1
2219,45,77,2
2220,45,78,2
2221,45,81,2
2222,45,85,2
2223,45,87,1
2224,45,91,14
2225,45,92,9
2226,45,99,1
2227,45,108,3
2228,45,115,1
2229,45,117,1
2230,45,118,1
2231,45,122,3
2232,45,127,2
2233,45,133,2
2234,45,140,1
2235,45,142,1
2236,45,146,1
2237,45,151,1
2238,45,155,2
2239,45,160,1
2240,45,173,1
2241,45,175,3
2242,45,177,3
2243,45,178,5
2244,45,179,3
2245,45,181,2
2246,45,199,2
2247,45,215,3
2248,45,220,1
2249,45,221,2
2250,45,244,7
2251,45,254,1
2252,45,263,2
2253,45,265,3
2254,45,301,1
2255,45,334,1
2256,45,391,1
2257,45,414,1
2258,45,431,1
2259,45,477,2
2260,45,478,2
2261,46,47,1
2262,46,48,1
2263,46,49,2
2264,46,50,1
2265,46,51,4
2266,46,55,1
2267,46,56,2
2268,46,62,1
2269,46,63,1
2270,46,64,1
2271,46,65,1
2272,46,68,1
2273,46,70,1
2274,46,75,1
2275,46,79,5
2276,46,93,2
2277,46,123,4
2278,46,126,1
2279,46,127,3
2280,46,146,1
2281,46,155,2
2282,46,172,1
2283,46,177,1
2284,46,178,5
2285,46,196,1
2286,46,211,1
2287,46,215,1
2288,46,218,3
2289,46,221,1
2290,46,231,1
2291,46,237,1
2292,46,238,5
2293,46,244,3
2294,46,254,2
2295,46,260,1
2296,46,268,1
2297,46,275,1
2298,46,279,3
2299,46,280,2
2300,46,291,1
2301,46,317,2
2302,46,319,1
2303,46,320,1
2304,46,332,2
2305,46,341,1
2306,46,342,1
2307,46,363,1
2308,46,367,1
2309,46,391,1
2310,46,393,1
2311,46,433,2
2312,46,492,1
2313,47,48,3
2314,47,52,3
2315,47,64,8
2316,47,66,3
2317,47,67,1
2318,47,72,1
2319,47,75,5
2320,47,77,1
2321,47,79,2
2322,47,80,2
2323,47,87,1
2324,47,100,2
2325,47,104,1
2326,47,106,2
2327,47,107,3
2328,47,108,4
2329,47,114,1
2330,47,116,1
2331,47,117,1
2332,47,122,2
2333,47,124,3
2334,47,137,1
2335,47,138,1
2336,47,144,1
2337,47,149,1
2338,47,172,1
2339,47,178,2
2340,47,180,1
2341,47,185,2
2342,47,186,4
2343,47,195,2
2344,47,200,2
2345,47,214,2
2346,47,218,1
2347,47,219,1
2348,47,230,1
2349,47,239,1
2350,47,240,1
2351,47,263,1
2352,47,266,1
2353,47,274,2
2354,47,295,1
2355,47,306,1
2356,47,313,1
2357,47,314,1
2358,47,381,1
2359,47,382,1
2360,47,410,1
2361,47,428,1
2362,48,54,1
2363,48,55,1
2364,48,64,5
2365,48,66,1
2366,48,72,2
2367,48,84,1
2368,48,97,1
2369,48,104,1
2370,48,108,2
2371,48,114,1
2372,48,122,1
2373,48,143,1
2374,48,180,1
2375,48,186,2
2376,48,187,1
2377,48,214,2
2378,48,218,2
2379,48,219,2
2380,48,265,1
2381,48,313,1
2382,48,322,1
2383,48,444,1
2384,49,50,7
2385,49,51,4
2386,49,62,1
2387,49,75,1
2388,49,84,2
2389,49,89,1
2390,49,97,1
2391,49,106,3
2392,49,114,1
2393,49,115,2
2394,49,122,1
2395,49,124,2
2396,49,127,3
2397,49,128,4
2398,49,133,1
2399,49,143,1
2400,49,146,4
2401,49,162,7
2402,49,178,2
2403,49,180,1
2404,49,184,2
2405,49,208,1
2406,49,217,1
2407,49,234,2
2408,49,235,4
2409,49,248,1
2410,49,253,1
2411,49,275,1
2412,49,282,1
2413,49,301,1
2414,49,318,1
2415,49,319,1
2416,49,320,2
2417,49,469,3
2418,49,492,1
2419,49,493,1
2420,49,510,1
2421,50,51,1
2422,50,72,1
2423,50,78,1
2424,50,84,7
2425,50,89,1
2426,50,128,1
2427,50,146,1
2428,50,170,2
2429,50,172,2
2430,50,177,1
2431,50,178,1
2432,50,180,4
2433,50,197,1
2434,50,214,1
2435,50,254,1
2436,50,256,1
2437,50,308,2
2438,50,320,1
2439,50,473,2
2440,51,54,1
2441,51,55,1
2442,51,60,3
2443,51,63,4
2444,51,67,1
2445,51,70,3
2446,51,75,3
2447,51,80,1
2448,51,81,2
2449,51,84,1
2450,51,87,1
2451,51,91,7
2452,51,92,2
2453,51,93,1
2454,51,96,1
2455,51,99,1
2456,51,100,1
2457,51,101,1
2458,51,115,1
2459,51,118,1
2460,51,124,1
2461,51,126,3
2462,51,132,1
2463,51,146,1
2464,51,152,1
2465,51,155,4
2466,51,177,3
2467,51,178,1
2468,51,179,5
2469,51,189,1
2470,51,191,1
2471,51,202,6
2472,51,203,6
2473,51,204,4
2474,51,215,1
2475,51,217,2
2476,51,218,1
2477,51,220,1
2478,51,229,4
2479,51,232,1
2480,51,239,1
2481,51,241,1
2482,51,244,4
2483,51,251,1
2484,51,254,1
2485,51,260,4
2486,51,262,2
2487,51,263,1
2488,51,266,1
2489,51,275,1
2490,51,283,3
2491,51,291,3
2492,51,298,1
2493,51,331,1
2494,51,332,3
2495,51,333,1
2496,51,342,1
2497,51,343,1
2498,51,353,2
2499,51,363,1
2500,51,365,1
2501,51,376,1
2502,51,377,1
2503,51,383,1
2504,51,384,1
2505,51,386,1
2506,51,387,2
2507,51,391,2
2508,51,392,1
2509,51,399,3
2510,51,400,1
2511,51,401,1
2512,51,404,1
2513,51,406,1
2514,51,431,1
2515,51,438,2
2516,51,458,1
2517,51,463,1
2518,51,469,2
2519,51,505,1
2520,51,506,1
2521,51,507,1
2522,52,53,21
2523,52,61,1
2524,52,72,3
2525,52,75,34
2526,52,81,1
2527,52,93,2
2528,52,99,1
2529,52,100,30
2530,52,101,1
2531,52,103,2
2532,52,105,2
2533,52,108,2
2534,52,113,3
2535,52,119,2
2536,52,122,4
2537,52,125,2
2538,52,129,6
2539,52,132,2
2540,52,142,1
2541,52,177,1
2542,52,194,1
2543,52,199,1
2544,52,209,3
2545,52,214,2
2546,52,217,1
2547,52,218,2
2548,52,228,4
2549,52,230,2
2550,52,232,2
2551,52,238,1
2552,52,239,2
2553,52,241,1
2554,52,259,1
2555,52,275,1
2556,52,294,1
2557,52,296,2
2558,52,301,1
2559,52,304,4
2560,52,309,6
2561,52,311,1
2562,52,342,1
2563,52,362,2
2564,52,364,3
2565,52,365,1
2566,52,481,1
2567,53,64,2
2568,53,75,14
2569,53,79,1
2570,53,81,1
2571,53,100,26
2572,53,103,1
2573,53,105,2
2574,53,113,1
2575,53,118,3
2576,53,119,2
2577,53,122,2
2578,53,125,6
2579,53,129,4
2580,53,132,2
2581,53,152,2
2582,53,155,1
2583,53,168,1
2584,53,186,1
2585,53,209,1
2586,53,214,1
2587,53,217,1
2588,53,228,1
2589,53,230,2
2590,53,238,1
2591,53,246,4
2592,53,288,1
2593,53,289,1
2594,53,304,1
2595,53,311,3
2596,53,324,1
2597,53,327,2
2598,53,330,1
2599,53,344,1
2600,53,348,7
2601,53,481,4
2602,54,72,7
2603,54,82,1
2604,54,87,1
2605,54,108,2
2606,54,110,1
2607,54,118,1
2608,54,124,8
2609,54,127,2
2610,54,144,4
2611,54,159,1
2612,54,172,6
2613,54,179,1
2614,54,186,1
2615,54,232,1
2616,54,282,1
2617,54,283,1
2618,54,307,1
2619,54,314,3
2620,54,357,5
2621,54,358,2
2622,54,359,2
2623,54,375,2
2624,54,397,4
2625,54,403,2
2626,54,433,1
2627,54,441,2
2628,55,56,2
2629,55,57,1
2630,55,58,2
2631,55,61,6
2632,55,64,2
2633,55,81,1
2634,55,87,1
2635,55,88,4
2636,55,89,1
2637,55,92,1
2638,55,100,1
2639,55,104,3
2640,55,106,1
2641,55,111,2
2642,55,112,2
2643,55,114,4
2644,55,115,1
2645,55,120,1
2646,55,133,1
2647,55,140,2
2648,55,142,2
2649,55,146,1
2650,55,170,1
2651,55,177,1
2652,55,178,1
2653,55,206,2
2654,55,213,1
2655,55,214,1
2656,55,217,1
2657,55,218,1
2658,55,238,1
2659,55,241,1
2660,55,244,1
2661,55,251,4
2662,55,252,3
2663,55,261,1
2664,55,264,1
2665,55,291,1
2666,55,338,1
2667,55,363,2
2668,55,433,1
2669,55,479,1
2670,56,178,5
2671,56,206,1
2672,57,60,1
2673,57,89,1
2674,57,115,1
2675,57,117,1
2676,57,119,1
2677,57,155,1
2678,57,287,1
2679,57,352,1
2680,57,464,1
2681,58,59,1
2682,58,61,1
2683,58,64,1
2684,58,66,3
2685,58,88,1
2686,58,120,1
2687,58,141,1
2688,58,241,1
2689,59,100,1
2690,59,178,2
2691,59,268,1
2692,59,269,1
2693,59,275,1
2694,60,61,3
2695,60,64,1
2696,60,67,1
2697,60,87,4
2698,60,90,1
2699,60,98,1
2700,60,115,2
2701,60,117,5
2702,60,120,1
2703,60,155,5
2704,60,175,1
2705,60,177,1
2706,60,178,2
2707,60,179,1
2708,60,191,1
2709,60,197,1
2710,60,216,1
2711,60,227,2
2712,60,262,1
2713,60,268,1
2714,60,313,1
2715,60,322,1
2716,60,352,2
2717,60,414,1
2718,60,418,1
2719,61,64,2
2720,61,66,1
2721,61,78,1
2722,61,93,1
2723,61,104,1
2724,61,122,2
2725,61,132,2
2726,61,133,1
2727,61,152,3
2728,61,155,1
2729,61,179,1
2730,61,208,1
2731,61,217,1
2732,61,218,2
2733,61,219,1
2734,61,239,1
2735,61,259,1
2736,61,274,1
2737,61,277,1
2738,61,338,1
2739,61,414,1
2740,62,63,1
2741,62,66,2
2742,62,81,1
2743,62,84,1
2744,62,89,1
2745,62,106,1
2746,62,112,1
2747,62,115,1
2748,62,120,1
2749,62,126,1
2750,62,127,5
2751,62,128,1
2752,62,133,2
2753,62,146,1
2754,62,148,1
2755,62,155,5
2756,62,170,1
2757,62,173,1
2758,62,178,1
2759,62,179,4
2760,62,196,1
2761,62,197,2
2762,62,202,1
2763,62,204,1
2764,62,207,1
2765,62,211,1
2766,62,225,1
2767,62,232,1
2768,62,234,6
2769,62,235,1
2770,62,256,1
2771,62,265,1
2772,62,281,1
2773,62,282,1
2774,62,283,1
2775,62,284,1
2776,62,285,2
2777,62,291,3
2778,62,301,1
2779,62,401,1
2780,62,426,1
2781,62,430,1
2782,62,432,1
2783,63,69,1
2784,63,75,2
2785,63,124,1
2786,63,127,1
2787,63,133,1
2788,63,172,2
2789,63,262,1
2790,63,283,1
2791,63,317,1
2792,63,328,1
2793,64,66,4
2794,64,67,3
2795,64,69,1
2796,64,70,1
2797,64,72,1
2798,64,78,1
2799,64,82,1
2800,64,85,1
2801,64,87,2
2802,64,93,2
2803,64,108,4
2804,64,109,3
2805,64,119,2
2806,64,120,1
2807,64,121,2
2808,64,122,5
2809,64,127,3
2810,64,132,2
2811,64,135,1
2812,64,141,1
2813,64,152,10
2814,64,155,5
2815,64,160,1
2816,64,178,4
2817,64,180,1
2818,64,184,1
2819,64,186,8
2820,64,199,2
2821,64,214,5
2822,64,217,3
2823,64,218,3
2824,64,219,2
2825,64,228,1
2826,64,259,3
2827,64,265,5
2828,64,271,1
2829,64,308,1
2830,64,322,5
2831,64,340,1
2832,64,352,1
2833,64,367,2
2834,64,477,1
2835,65,75,1
2836,65,79,2
2837,65,100,1
2838,65,254,1
2839,65,279,1
2840,66,81,1
2841,66,93,2
2842,66,95,1
2843,66,108,1
2844,66,120,2
2845,66,122,2
2846,66,127,1
2847,66,131,1
2848,66,132,3
2849,66,141,3
2850,66,165,1
2851,66,173,1
2852,66,178,1
2853,66,181,1
2854,66,196,1
2855,66,208,1
2856,66,214,2
2857,66,241,2
2858,66,259,6
2859,66,265,2
2860,66,274,6
2861,66,275,1
2862,66,286,2
2863,66,299,1
2864,66,437,1
2865,67,68,1
2866,67,69,1
2867,67,73,11
2868,67,75,1
2869,67,85,4
2870,67,91,1
2871,67,100,1
2872,67,101,1
2873,67,118,3
2874,67,172,1
2875,67,179,4
2876,67,202,6
2877,67,214,1
2878,67,218,1
2879,67,263,1
2880,67,283,1
2881,67,289,1
2882,67,291,2
2883,67,367,1
2884,67,387,1
2885,67,388,1
2886,67,446,1
2887,67,451,1
2888,67,475,1
2889,67,491,1
2890,68,69,1
2891,68,106,4
2892,68,114,1
2893,68,127,5
2894,68,128,1
2895,68,146,1
2896,68,177,2
2897,68,181,2
2898,68,202,1
2899,68,203,2
2900,68,206,1
2901,68,260,1
2902,68,275,1
2903,68,363,1
2904,68,399,1
2905,68,402,1
2906,68,433,1
2907,69,78,1
2908,69,85,1
2909,69,89,1
2910,69,106,1
2911,69,115,2
2912,69,127,4
2913,69,133,3
2914,69,146,2
2915,69,172,1
2916,69,178,2
2917,69,233,2
2918,69,306,2
2919,69,320,1
2920,70,71,2
2921,70,72,1
2922,70,81,1
2923,70,89,1
2924,70,92,1
2925,70,96,3
2926,70,108,1
2927,70,121,8
2928,70,126,1
2929,70,127,2
2930,70,146,1
2931,70,155,2
2932,70,177,1
2933,70,179,2
2934,70,189,1
2935,70,229,1
2936,70,234,3
2937,70,237,4
2938,70,244,2
2939,70,282,1
2940,70,288,1
2941,70,291,4
2942,70,331,14
2943,70,332,1
2944,70,333,2
2945,70,384,2
2946,70,408,1
2947,70,477,1
2948,70,478,1
2949,70,484,1
2950,71,96,1
2951,71,116,1
2952,71,155,1
2953,71,178,1
2954,71,202,1
2955,71,291,1
2956,71,307,1
2957,72,73,1
2958,72,74,3
2959,72,108,4
2960,72,110,1
2961,72,117,1
2962,72,118,1
2963,72,122,2
2964,72,124,4
2965,72,127,1
2966,72,130,1
2967,72,144,1
2968,72,172,2
2969,72,180,1
2970,72,186,9
2971,72,190,1
2972,72,214,1
2973,72,217,2
2974,72,238,1
2975,72,282,1
2976,72,308,1
2977,72,314,3
2978,72,367,1
2979,72,433,2
2980,73,74,1
2981,73,82,1
2982,73,85,4
2983,73,91,1
2984,73,116,1
2985,73,118,4
2986,73,120,1
2987,73,124,4
2988,73,127,6
2989,73,143,4
2990,73,144,2
2991,73,145,1
2992,73,146,1
2993,73,169,1
2994,73,179,5
2995,73,202,4
2996,73,217,1
2997,73,220,3
2998,73,263,1
2999,73,282,1
3000,73,283,7
3001,73,284,1
3002,73,289,1
3003,73,291,1
3004,73,301,1
3005,73,306,1
3006,73,328,1
3007,73,329,1
3008,73,385,1
3009,73,386,3
3010,73,387,1
3011,73,388,1
3012,73,399,2
3013,73,402,1
3014,73,418,1
3015,73,425,2
3016,73,435,1
3017,73,446,2
3018,73,497,1
3019,74,118,1
3020,75,79,2
3021,75,82,1
3022,75,85,1
3023,75,93,1
3024,75,99,12
3025,75,100,97
3026,75,101,30
3027,75,102,4
3028,75,103,14
3029,75,105,28
3030,75,107,1
3031,75,108,1
3032,75,111,1
3033,75,113,2
3034,75,116,2
3035,75,119,1
3036,75,122,2
3037,75,127,2
3038,75,128,1
3039,75,129,10
3040,75,139,3
3041,75,146,1
3042,75,151,2
3043,75,168,4
3044,75,178,1
3045,75,185,3
3046,75,186,1
3047,75,194,3
3048,75,195,2
3049,75,196,1
3050,75,199,1
3051,75,212,2
3052,75,213,2
3053,75,214,2
3054,75,217,6
3055,75,218,1
3056,75,227,1
3057,75,230,21
3058,75,232,1
3059,75,236,1
3060,75,238,5
3061,75,239,2
3062,75,240,9
3063,75,254,1
3064,75,258,3
3065,75,272,1
3066,75,291,2
3067,75,294,9
3068,75,296,15
3069,75,298,10
3070,75,301,3
3071,75,304,15
3072,75,309,7
3073,75,311,1
3074,75,315,3
3075,75,316,1
3076,75,326,2
3077,75,335,1
3078,75,341,1
3079,75,342,1
3080,75,361,4
3081,75,362,3
3082,75,363,1
3083,75,364,2
3084,75,365,1
3085,75,369,9
3086,75,370,2
3087,75,379,1
3088,75,393,1
3089,75,400,1
3090,75,427,1
3091,75,433,1
3092,75,437,1
3093,75,459,2
3094,75,471,2
3095,77,78,1
3096,77,79,1
3097,77,88,2
3098,77,89,2
3099,77,102,1
3100,77,116,1
3101,77,117,1
3102,77,120,1
3103,77,127,1
3104,77,155,1
3105,77,171,1
3106,77,172,1
3107,77,173,1
3108,77,178,1
3109,77,190,1
3110,77,202,1
3111,77,218,1
3112,77,283,2
3113,77,289,1
3114,77,387,1
3115,77,388,1
3116,77,396,1
3117,77,420,1
3118,77,428,1
3119,77,483,1
3120,78,85,3
3121,78,88,1
3122,78,89,1
3123,78,99,1
3124,78,115,2
3125,78,127,1
3126,78,140,2
3127,78,178,1
3128,78,179,3
3129,78,184,1
3130,78,265,1
3131,78,336,1
3132,78,480,1
3133,79,100,2
3134,79,101,1
3135,79,142,1
3136,79,178,5
3137,79,183,1
3138,79,186,1
3139,79,214,1
3140,79,248,1
3141,79,254,5
3142,79,261,1
3143,79,279,3
3144,79,280,1
3145,79,341,1
3146,79,396,1
3147,79,422,1
3148,79,460,1
3149,80,99,2
3150,80,100,1
3151,80,111,2
3152,80,113,1
3153,80,114,1
3154,80,122,1
3155,80,142,3
3156,80,183,1
3157,80,209,2
3158,80,214,2
3159,80,264,1
3160,80,300,1
3161,80,326,1
3162,80,342,2
3163,80,355,1
3164,80,363,2
3165,80,364,1
3166,81,100,1
3167,81,106,3
3168,81,119,1
3169,81,121,2
3170,81,122,1
3171,81,124,2
3172,81,126,2
3173,81,127,2
3174,81,129,1
3175,81,140,1
3176,81,160,1
3177,81,165,1
3178,81,179,1
3179,81,181,2
3180,81,189,1
3181,81,202,1
3182,81,218,1
3183,81,223,1
3184,81,234,1
3185,81,254,1
3186,81,262,1
3187,81,267,1
3188,81,291,1
3189,81,399,1
3190,81,493,1
3191,82,294,1
3192,82,402,1
3193,83,244,1
3194,84,97,3
3195,84,100,1
3196,84,106,1
3197,84,177,1
3198,84,179,1
3199,84,196,2
3200,84,217,1
3201,84,234,2
3202,84,316,2
3203,84,317,1
3204,84,325,1
3205,84,472,1
3206,84,473,1
3207,85,89,1
3208,85,107,1
3209,85,115,2
3210,85,124,1
3211,85,126,1
3212,85,127,3
3213,85,155,4
3214,85,177,1
3215,85,179,3
3216,85,191,1
3217,85,202,3
3218,85,205,1
3219,85,213,1
3220,85,264,2
3221,85,265,3
3222,85,310,1
3223,85,323,1
3224,85,367,1
3225,85,388,1
3226,85,399,1
3227,85,418,1
3228,85,446,2
3229,85,498,1
3230,86,89,1
3231,86,169,2
3232,86,223,1
3233,86,224,1
3234,86,259,1
3235,86,278,1
3236,87,98,6
3237,87,122,3
3238,87,127,1
3239,87,155,2
3240,87,178,1
3241,87,184,1
3242,87,214,1
3243,87,217,1
3244,87,226,9
3245,87,255,8
3246,87,268,1
3247,87,322,1
3248,87,336,1
3249,87,337,2
3250,87,338,1
3251,87,397,1
3252,88,108,1
3253,88,116,1
3254,88,122,1
3255,88,142,1
3256,88,155,1
3257,88,158,4
3258,88,178,1
3259,88,184,1
3260,88,209,1
3261,88,277,1
3262,88,338,2
3263,88,428,1
3264,89,90,1
3265,89,102,1
3266,89,115,3
3267,89,116,2
3268,89,117,2
3269,89,122,1
3270,89,126,1
3271,89,127,5
3272,89,146,1
3273,89,151,2
3274,89,155,1
3275,89,159,1
3276,89,165,1
3277,89,170,1
3278,89,179,1
3279,89,194,1
3280,89,217,1
3281,89,231,1
3282,89,252,1
3283,89,260,1
3284,89,262,1
3285,89,263,2
3286,89,265,1
3287,89,276,1
3288,89,291,1
3289,89,306,1
3290,89,360,1
3291,89,397,1
3292,89,427,1
3293,89,464,1
3294,89,485,1
3295,89,486,1
3296,90,159,1
3297,91,92,6
3298,91,118,1
3299,91,133,1
3300,91,177,3
3301,91,202,1
3302,91,215,2
3303,91,221,1
3304,91,244,6
3305,91,263,1
3306,91,386,1
3307,91,388,1
3308,91,414,2
3309,92,177,1
3310,92,215,1
3311,92,291,1
3312,92,386,1
3313,92,392,1
3314,92,477,1
3315,92,478,1
3316,93,105,1
3317,93,107,1
3318,93,122,1
3319,93,124,1
3320,93,127,3
3321,93,129,1
3322,93,151,1
3323,93,177,1
3324,93,178,2
3325,93,196,1
3326,93,209,1
3327,93,211,1
3328,93,265,1
3329,93,277,1
3330,93,300,1
3331,93,324,1
3332,93,482,1
3333,94,95,6
3334,94,96,1
3335,94,127,1
3336,95,96,2
3337,95,115,1
3338,95,126,1
3339,95,127,2
3340,95,132,1
3341,95,179,1
3342,95,202,1
3343,95,204,1
3344,95,259,1
3345,95,275,1
3346,95,302,1
3347,95,306,1
3348,95,399,1
3349,95,488,1
3350,96,116,1
3351,96,179,1
3352,96,331,1
3353,97,472,1
3354,98,119,1
3355,98,122,1
3356,98,168,1
3357,98,178,1
3358,98,217,1
3359,98,226,1
3360,98,229,1
3361,99,100,19
3362,99,101,6
3363,99,102,3
3364,99,106,1
3365,99,111,1
3366,99,114,1
3367,99,122,2
3368,99,124,1
3369,99,127,2
3370,99,136,1
3371,99,139,4
3372,99,140,1
3373,99,145,1
3374,99,146,3
3375,99,178,3
3376,99,181,1
3377,99,209,1
3378,99,220,1
3379,99,229,1
3380,99,230,1
3381,99,238,1
3382,99,254,3
3383,99,268,1
3384,99,269,1
3385,99,296,2
3386,99,298,1
3387,99,354,1
3388,99,363,1
3389,99,369,1
3390,99,382,4
3391,99,397,1
3392,99,417,2
3393,99,439,1
3394,99,440,1
3395,100,101,26
3396,100,102,6
3397,100,103,7
3398,100,105,20
3399,100,108,1
3400,100,113,3
3401,100,122,5
3402,100,125,3
3403,100,127,1
3404,100,129,12
3405,100,139,3
3406,100,142,1
3407,100,146,1
3408,100,168,3
3409,100,170,1
3410,100,172,1
3411,100,177,2
3412,100,178,2
3413,100,185,1
3414,100,186,2
3415,100,194,7
3416,100,195,3
3417,100,209,2
3418,100,213,1
3419,100,214,1
3420,100,217,13
3421,100,228,1
3422,100,230,13
3423,100,232,1
3424,100,233,1
3425,100,238,3
3426,100,239,4
3427,100,240,1
3428,100,246,2
3429,100,258,5
3430,100,262,1
3431,100,268,1
3432,100,271,1
3433,100,275,1
3434,100,294,3
3435,100,296,9
3436,100,298,11
3437,100,301,2
3438,100,304,7
3439,100,309,5
3440,100,311,4
3441,100,315,3
3442,100,316,2
3443,100,330,8
3444,100,335,1
3445,100,336,1
3446,100,342,2
3447,100,344,1
3448,100,350,4
3449,100,354,1
3450,100,362,3
3451,100,364,5
3452,100,365,2
3453,100,369,3
3454,100,370,2
3455,100,379,1
3456,100,400,1
3457,100,433,1
3458,100,459,1
3459,100,471,1
3460,100,481,2
3461,101,102,4
3462,101,103,1
3463,101,139,3
3464,101,146,1
3465,101,163,1
3466,101,186,1
3467,101,214,1
3468,101,238,3
3469,101,240,6
3470,101,258,1
3471,101,296,6
3472,101,298,3
3473,101,369,1
3474,101,370,1
3475,101,379,1
3476,101,437,1
3477,101,471,3
3478,102,115,1
3479,102,146,3
3480,102,159,1
3481,102,238,1
3482,102,254,1
3483,102,258,1
3484,103,105,4
3485,103,194,1
3486,103,294,2
3487,103,304,5
3488,104,108,1
3489,104,112,2
3490,104,113,1
3491,104,114,8
3492,104,115,3
3493,104,122,1
3494,104,136,1
3495,104,142,1
3496,104,177,1
3497,104,187,3
3498,104,214,3
3499,104,218,1
3500,104,251,1
3501,104,274,1
3502,104,290,1
3503,104,313,1
3504,105,111,1
3505,105,129,3
3506,105,168,1
3507,105,194,2
3508,105,214,1
3509,105,230,2
3510,105,238,1
3511,105,262,1
3512,105,294,3
3513,105,296,2
3514,105,298,1
3515,105,309,1
3516,105,364,1
3517,105,433,1
3518,105,459,3
3519,106,117,1
3520,106,127,12
3521,106,133,1
3522,106,146,3
3523,106,164,1
3524,106,172,1
3525,106,178,2
3526,106,181,2
3527,106,189,1
3528,106,196,1
3529,106,211,1
3530,106,213,1
3531,106,217,1
3532,106,234,2
3533,106,244,1
3534,106,248,1
3535,106,257,1
3536,106,262,1
3537,106,275,2
3538,106,285,1
3539,106,301,1
3540,106,335,3
3541,106,382,2
3542,106,417,1
3543,106,434,1
3544,106,488,1
3545,106,493,2
3546,107,108,1
3547,107,122,2
3548,107,127,1
3549,107,133,1
3550,107,155,1
3551,107,186,1
3552,107,200,6
3553,107,214,2
3554,107,220,1
3555,107,228,1
3556,107,242,1
3557,107,389,3
3558,107,464,1
3559,108,110,1
3560,108,116,1
3561,108,118,1
3562,108,124,1
3563,108,130,1
3564,108,133,1
3565,108,151,1
3566,108,155,1
3567,108,173,2
3568,108,193,1
3569,108,210,1
3570,108,214,1
3571,108,244,2
3572,108,255,1
3573,108,284,1
3574,108,303,1
3575,108,428,1
3576,109,122,2
3577,109,152,1
3578,110,122,1
3579,110,177,1
3580,110,381,1
3581,111,113,1
3582,111,114,1
3583,111,142,1
3584,111,209,1
3585,111,229,1
3586,111,232,1
3587,111,355,1
3588,111,363,3
3589,111,459,1
3590,112,113,2
3591,112,114,3
3592,112,115,2
3593,112,127,2
3594,112,128,1
3595,112,133,1
3596,112,180,1
3597,112,235,1
3598,112,300,1
3599,112,355,1
3600,112,363,1
3601,113,114,1
3602,113,115,1
3603,113,142,2
3604,113,155,1
3605,113,166,1
3606,113,178,1
3607,113,180,1
3608,113,209,3
3609,113,239,2
3610,113,283,1
3611,113,300,1
3612,113,324,3
3613,113,330,2
3614,113,342,1
3615,113,364,1
3616,114,115,11
3617,114,122,1
3618,114,124,1
3619,114,127,2
3620,114,135,1
3621,114,136,1
3622,114,139,1
3623,114,141,1
3624,114,153,3
3625,114,168,1
3626,114,170,1
3627,114,177,1
3628,114,180,1
3629,114,181,1
3630,114,184,1
3631,114,185,2
3632,114,186,1
3633,114,187,4
3634,114,197,2
3635,114,206,13
3636,114,209,2
3637,114,214,3
3638,114,251,1
3639,114,256,2
3640,114,290,1
3641,114,300,11
3642,114,324,1
3643,114,338,1
3644,114,339,6
3645,114,342,1
3646,114,363,1
3647,114,364,1
3648,115,116,3
3649,115,117,3
3650,115,127,3
3651,115,128,1
3652,115,133,2
3653,115,135,1
3654,115,142,1
3655,115,146,3
3656,115,151,1
3657,115,155,5
3658,115,178,3
3659,115,179,2
3660,115,180,1
3661,115,184,1
3662,115,190,1
3663,115,206,3
3664,115,213,1
3665,115,214,1
3666,115,219,1
3667,115,222,1
3668,115,231,2
3669,115,251,1
3670,115,262,1
3671,115,263,1
3672,115,265,1
3673,115,266,1
3674,115,300,5
3675,115,352,1
3676,115,378,1
3677,115,432,1
3678,116,117,3
3679,116,151,6
3680,116,155,3
3681,116,158,1
3682,116,163,1
3683,116,171,1
3684,116,178,2
3685,116,179,1
3686,116,199,1
3687,116,233,1
3688,116,361,1
3689,116,374,1
3690,116,466,1
3691,117,127,4
3692,117,151,8
3693,117,155,4
3694,117,172,1
3695,117,179,1
3696,117,231,1
3697,117,239,1
3698,117,244,1
3699,117,254,1
3700,117,260,1
3701,117,262,1
3702,117,263,1
3703,117,306,1
3704,117,395,1
3705,117,432,6
3706,118,119,1
3707,118,122,1
3708,118,124,4
3709,118,126,1
3710,118,127,4
3711,118,142,1
3712,118,146,1
3713,118,179,1
3714,118,207,3
3715,118,234,2
3716,118,238,3
3717,118,242,1
3718,118,262,1
3719,118,263,3
3720,118,275,1
3721,118,282,4
3722,118,284,6
3723,118,288,9
3724,118,289,24
3725,118,302,1
3726,118,303,14
3727,118,305,7
3728,118,347,1
3729,118,381,1
3730,118,382,1
3731,118,390,1
3732,118,394,4
3733,118,399,1
3734,118,407,3
3735,118,416,2
3736,118,455,1
3737,118,468,1
3738,118,483,1
3739,119,122,4
3740,119,146,1
3741,119,149,1
3742,119,155,1
3743,119,158,1
3744,119,190,1
3745,119,194,1
3746,119,200,1
3747,119,214,1
3748,119,218,1
3749,119,263,1
3750,119,265,1
3751,119,271,1
3752,119,381,1
3753,119,410,1
3754,120,141,1
3755,120,173,1
3756,120,191,1
3757,120,220,1
3758,120,239,1
3759,120,241,1
3760,121,146,1
3761,121,179,1
3762,121,254,1
3763,121,291,1
3764,121,393,1
3765,122,131,1
3766,122,132,2
3767,122,152,1
3768,122,155,1
3769,122,158,1
3770,122,178,1
3771,122,186,6
3772,122,187,3
3773,122,195,1
3774,122,199,3
3775,122,206,1
3776,122,214,2
3777,122,226,1
3778,122,237,1
3779,122,240,1
3780,122,251,1
3781,122,253,3
3782,122,263,1
3783,122,274,2
3784,122,309,1
3785,122,339,1
3786,122,382,6
3787,122,397,1
3788,122,405,1
3789,122,408,1
3790,122,423,1
3791,122,464,3
3792,123,218,1
3793,123,279,1
3794,123,280,1
3795,124,126,1
3796,124,127,1
3797,124,137,3
3798,124,138,2
3799,124,144,4
3800,124,168,1
3801,124,169,3
3802,124,172,2
3803,124,185,1
3804,124,186,1
3805,124,206,1
3806,124,232,1
3807,124,238,1
3808,124,270,1
3809,124,282,2
3810,124,301,1
3811,124,307,1
3812,124,313,1
3813,124,314,6
3814,124,352,1
3815,124,357,2
3816,124,358,2
3817,124,367,1
3818,124,433,1
3819,124,449,1
3820,126,127,12
3821,126,128,1
3822,126,133,2
3823,126,134,2
3824,126,146,1
3825,126,147,1
3826,126,149,11
3827,126,150,2
3828,126,154,2
3829,126,165,1
3830,126,179,5
3831,126,182,3
3832,126,189,10
3833,126,201,1
3834,126,202,5
3835,126,203,1
3836,126,217,1
3837,126,238,1
3838,126,242,1
3839,126,244,1
3840,126,245,6
3841,126,266,9
3842,126,272,1
3843,126,276,4
3844,126,291,3
3845,126,295,6
3846,126,297,1
3847,126,301,1
3848,126,364,1
3849,126,382,2
3850,126,393,1
3851,126,417,1
3852,126,423,1
3853,126,426,1
3854,126,446,1
3855,126,449,3
3856,126,458,3
3857,126,465,1
3858,126,507,1
3859,127,128,3
3860,127,130,1
3861,127,133,5
3862,127,134,3
3863,127,136,1
3864,127,143,1
3865,127,144,1
3866,127,146,3
3867,127,148,1
3868,127,149,1
3869,127,154,1
3870,127,155,4
3871,127,166,1
3872,127,170,1
3873,127,172,2
3874,127,177,5
3875,127,179,10
3876,127,181,2
3877,127,182,1
3878,127,189,1
3879,127,191,1
3880,127,197,1
3881,127,201,1
3882,127,202,10
3883,127,203,5
3884,127,204,2
3885,127,208,3
3886,127,213,1
3887,127,215,1
3888,127,217,2
3889,127,222,2
3890,127,223,1
3891,127,239,1
3892,127,244,6
3893,127,256,1
3894,127,260,14
3895,127,262,1
3896,127,263,4
3897,127,264,2
3898,127,265,2
3899,127,266,3
3900,127,275,1
3901,127,284,1
3902,127,286,1
3903,127,289,1
3904,127,291,7
3905,127,296,2
3906,127,301,6
3907,127,310,1
3908,127,328,2
3909,127,329,1
3910,127,331,1
3911,127,334,1
3912,127,337,1
3913,127,350,1
3914,127,368,4
3915,127,375,1
3916,127,380,1
3917,127,386,1
3918,127,387,2
3919,127,388,6
3920,127,391,2
3921,127,392,1
3922,127,394,1
3923,127,397,1
3924,127,399,7
3925,127,401,5
3926,127,402,2
3927,127,406,1
3928,127,420,2
3929,127,424,1
3930,127,431,1
3931,127,433,2
3932,127,439,1
3933,127,443,1
3934,127,451,1
3935,127,452,1
3936,127,461,2
3937,127,463,1
3938,127,475,1
3939,127,482,1
3940,127,488,1
3941,127,493,2
3942,127,494,1
3943,127,509,1
3944,127,514,1
3945,128,146,7
3946,128,162,2
3947,128,174,1
3948,128,178,1
3949,128,181,1
3950,128,211,1
3951,128,212,1
3952,128,216,1
3953,128,273,1
3954,128,277,2
3955,128,301,1
3956,128,319,1
3957,129,177,2
3958,129,218,1
3959,129,232,1
3960,129,239,1
3961,129,294,1
3962,129,296,1
3963,129,304,4
3964,129,311,3
3965,129,348,1
3966,129,364,2
3967,130,151,1
3968,130,270,1
3969,131,156,2
3970,131,178,1
3971,132,152,1
3972,132,155,5
3973,132,199,1
3974,132,228,1
3975,132,259,2
3976,133,134,1
3977,133,161,1
3978,133,162,1
3979,133,170,1
3980,133,172,3
3981,133,178,1
3982,133,179,2
3983,133,181,1
3984,133,197,1
3985,133,202,1
3986,133,223,1
3987,133,227,2
3988,133,244,1
3989,133,254,1
3990,133,256,1
3991,133,260,6
3992,133,265,1
3993,133,278,1
3994,133,283,1
3995,133,291,2
3996,133,334,1
3997,133,350,1
3998,133,378,1
3999,133,397,1
4000,133,446,1
4001,133,510,1
4002,134,147,3
4003,134,155,1
4004,134,165,1
4005,134,224,1
4006,134,263,1
4007,134,291,4
4008,135,158,1
4009,135,351,1
4010,136,260,1
4011,136,265,1
4012,136,334,1
4013,137,138,1
4014,137,186,1
4015,139,143,1
4016,139,146,1
4017,139,178,1
4018,139,220,1
4019,139,315,1
4020,139,382,1
4021,140,146,1
4022,140,158,1
4023,140,173,1
4024,140,178,3
4025,140,221,1
4026,140,302,1
4027,141,187,1
4028,141,274,1
4029,142,146,1
4030,142,168,1
4031,142,171,1
4032,142,183,2
4033,142,209,2
4034,142,264,1
4035,142,275,1
4036,142,282,4
4037,142,363,2
4038,142,373,3
4039,142,418,1
4040,142,487,1
4041,143,144,1
4042,143,145,2
4043,143,146,1
4044,143,179,1
4045,143,180,1
4046,143,217,1
4047,143,220,1
4048,143,283,1
4049,143,367,1
4050,143,425,2
4051,143,435,1
4052,144,145,1
4053,144,217,1
4054,144,220,1
4055,144,232,1
4056,144,283,1
4057,144,313,1
4058,144,314,1
4059,144,329,1
4060,144,386,1
4061,144,396,2
4062,144,433,1
4063,144,497,1
4064,146,149,1
4065,146,155,3
4066,146,159,1
4067,146,164,1
4068,146,178,2
4069,146,181,2
4070,146,184,1
4071,146,189,1
4072,146,190,1
4073,146,211,1
4074,146,212,1
4075,146,216,2
4076,146,231,1
4077,146,233,2
4078,146,257,1
4079,146,262,1
4080,146,268,1
4081,146,269,1
4082,146,273,2
4083,146,276,1
4084,146,277,2
4085,146,282,1
4086,146,285,1
4087,146,296,1
4088,146,300,1
4089,146,320,1
4090,146,382,2
4091,146,409,1
4092,146,415,1
4093,146,417,1
4094,147,165,1
4095,147,217,1
4096,147,320,1
4097,147,399,3
4098,147,402,1
4099,147,451,1
4100,147,452,1
4101,147,489,4
4102,147,490,4
4103,148,166,1
4104,148,197,1
4105,149,150,2
4106,149,154,2
4107,149,179,1
4108,149,225,1
4109,149,276,2
4110,149,341,1
4111,149,381,1
4112,149,382,6
4113,149,410,2
4114,149,417,1
4115,149,423,2
4116,149,465,1
4117,150,179,1
4118,150,351,1
4119,150,414,1
4120,150,467,1
4121,151,155,3
4122,151,221,1
4123,151,231,1
4124,151,328,1
4125,151,361,1
4126,151,432,1
4127,152,155,3
4128,152,179,1
4129,152,199,3
4130,152,218,1
4131,152,219,1
4132,152,241,1
4133,152,307,1
4134,152,340,1
4135,152,367,2
4136,153,300,1
4137,154,179,1
4138,154,189,1
4139,154,238,1
4140,154,301,1
4141,155,156,1
4142,155,157,1
4143,155,160,1
4144,155,165,1
4145,155,172,3
4146,155,178,6
4147,155,179,10
4148,155,184,1
4149,155,191,1
4150,155,199,1
4151,155,223,1
4152,155,224,1
4153,155,229,4
4154,155,231,1
4155,155,234,3
4156,155,241,1
4157,155,244,1
4158,155,248,1
4159,155,260,2
4160,155,262,1
4161,155,264,1
4162,155,265,1
4163,155,276,2
4164,155,278,1
4165,155,306,1
4166,155,307,1
4167,155,328,1
4168,155,332,1
4169,155,360,1
4170,155,367,1
4171,155,384,1
4172,155,393,1
4173,155,402,1
4174,155,409,1
4175,155,418,1
4176,155,427,1
4177,155,492,1
4178,156,179,1
4179,157,211,1
4180,158,171,1
4181,158,214,1
4182,158,271,1
4183,159,170,1
4184,159,441,1
4185,160,161,3
4186,160,223,1
4187,160,250,1
4188,160,291,1
4189,160,496,1
4190,161,250,1
4191,161,496,1
4192,162,178,2
4193,162,456,1
4194,162,457,1
4195,162,510,1
4196,163,178,1
4197,163,218,1
4198,163,240,1
4199,163,299,1
4200,164,196,1
4201,164,338,1
4202,164,342,1
4203,165,179,2
4204,165,212,1
4205,165,276,1
4206,165,320,1
4207,165,399,2
4208,166,170,2
4209,167,392,1
4210,168,169,1
4211,168,209,1
4212,168,311,2
4213,168,324,1
4214,169,223,1
4215,169,224,1
4216,170,184,1
4217,170,192,1
4218,170,197,2
4219,170,247,1
4220,170,293,1
4221,170,398,1
4222,172,173,1
4223,172,178,1
4224,172,262,1
4225,172,275,1
4226,172,317,1
4227,172,328,1
4228,172,357,4
4229,172,358,2
4230,172,359,2
4231,173,176,1
4232,173,244,1
4233,174,338,1
4234,175,287,1
4235,175,364,1
4236,177,179,1
4237,177,191,2
4238,177,202,1
4239,177,207,1
4240,177,218,1
4241,177,229,2
4242,177,244,7
4243,177,263,1
4244,177,266,1
4245,177,275,1
4246,177,291,2
4247,177,304,1
4248,177,316,1
4249,177,331,2
4250,177,335,1
4251,177,381,1
4252,177,388,1
4253,177,391,2
4254,177,399,3
4255,177,403,1
4256,177,431,1
4257,177,463,4
4258,177,492,1
4259,178,180,1
4260,178,184,1
4261,178,192,1
4262,178,199,1
4263,178,206,1
4264,178,209,1
4265,178,217,1
4266,178,229,2
4267,178,231,1
4268,178,233,2
4269,178,234,2
4270,178,241,1
4271,178,248,1
4272,178,254,1
4273,178,260,1
4274,178,266,1
4275,178,268,1
4276,178,269,1
4277,178,275,2
4278,178,286,1
4279,178,306,2
4280,178,307,3
4281,178,308,2
4282,178,321,2
4283,178,328,1
4284,178,341,1
4285,178,382,1
4286,178,414,1
4287,178,415,1
4288,178,444,1
4289,178,456,2
4290,178,457,2
4291,179,180,1
4292,179,189,1
4293,179,207,2
4294,179,217,2
4295,179,220,1
4296,179,222,2
4297,179,225,1
4298,179,227,1
4299,179,234,3
4300,179,239,1
4301,179,244,1
4302,179,260,2
4303,179,263,3
4304,179,266,1
4305,179,283,1
4306,179,291,17
4307,179,297,1
4308,179,301,1
4309,179,306,2
4310,179,332,1
4311,179,341,2
4312,179,351,2
4313,179,356,2
4314,179,360,1
4315,179,374,2
4316,179,375,1
4317,179,393,1
4318,179,399,5
4319,179,402,1
4320,179,403,1
4321,179,406,1
4322,179,409,1
4323,179,417,1
4324,179,420,2
4325,179,424,1
4326,179,425,1
4327,179,426,3
4328,179,432,1
4329,179,433,2
4330,179,434,1
4331,179,439,2
4332,179,446,3
4333,179,450,1
4334,179,451,3
4335,179,452,1
4336,179,462,2
4337,179,468,1
4338,179,470,1
4339,179,492,1
4340,179,505,1
4341,180,185,1
4342,180,192,2
4343,180,197,2
4344,180,256,2
4345,180,265,1
4346,180,300,1
4347,180,428,2
4348,181,206,1
4349,181,208,6
4350,181,212,1
4351,181,273,4
4352,181,363,1
4353,181,366,1
4354,181,413,1
4355,182,266,3
4356,182,449,3
4357,183,209,1
4358,184,209,1
4359,184,235,1
4360,184,255,1
4361,184,404,1
4362,184,444,2
4363,185,186,1
4364,186,187,3
4365,186,188,1
4366,186,206,2
4367,186,214,6
4368,186,219,1
4369,186,240,1
4370,186,322,2
4371,186,328,1
4372,186,352,1
4373,186,382,1
4374,186,389,1
4375,186,411,1
4376,187,214,2
4377,187,219,2
4378,187,274,1
4379,187,367,1
4380,188,218,1
4381,188,259,6
4382,188,265,1
4383,189,202,1
4384,189,244,1
4385,189,291,2
4386,189,295,1
4387,189,434,1
4388,191,218,2
4389,191,238,1
4390,191,265,1
4391,192,193,2
4392,192,196,2
4393,192,220,1
4394,192,239,1
4395,192,293,1
4396,192,352,2
4397,193,352,1
4398,194,214,1
4399,194,217,4
4400,194,301,1
4401,194,304,1
4402,194,330,1
4403,194,364,1
4404,195,230,2
4405,196,234,1
4406,196,235,1
4407,196,241,1
4408,196,244,1
4409,196,249,1
4410,196,254,1
4411,196,259,1
4412,196,291,1
4413,196,352,4
4414,197,198,3
4415,197,227,1
4416,197,256,6
4417,199,253,1
4418,199,254,1
4419,199,307,1
4420,200,214,1
4421,201,202,2
4422,201,388,3
4423,202,203,32
4424,202,204,21
4425,202,205,4
4426,202,217,1
4427,202,237,1
4428,202,260,1
4429,202,282,1
4430,202,291,2
4431,202,301,1
4432,202,306,2
4433,202,367,1
4434,202,387,22
4435,202,388,48
4436,202,399,1
4437,202,401,6
4438,202,404,1
4439,202,405,1
4440,202,409,1
4441,202,424,1
4442,202,438,1
4443,202,443,4
4444,202,445,5
4445,202,446,1
4446,202,448,2
4447,202,461,4
4448,202,470,8
4449,202,474,2
4450,202,501,1
4451,202,507,1
4452,203,204,12
4453,203,205,2
4454,203,217,1
4455,203,245,1
4456,203,260,1
4457,203,263,1
4458,203,272,3
4459,203,291,2
4460,203,306,1
4461,203,387,7
4462,203,388,14
4463,203,399,1
4464,203,401,3
4465,203,404,1
4466,203,405,1
4467,203,409,1
4468,203,424,1
4469,203,433,1
4470,203,438,2
4471,203,445,3
4472,203,446,1
4473,203,474,1
4474,203,506,1
4475,203,507,1
4476,204,205,2
4477,204,306,1
4478,204,387,1
4479,204,388,1
4480,204,401,1
4481,204,409,1
4482,204,438,1
4483,204,445,2
4484,204,474,1
4485,205,388,3
4486,206,214,2
4487,206,251,2
4488,206,263,1
4489,206,300,1
4490,206,363,1
4491,207,275,1
4492,207,291,1
4493,207,303,1
4494,207,331,1
4495,207,468,1
4496,208,273,1
4497,208,413,1
4498,209,324,6
4499,209,342,1
4500,209,503,1
4501,210,259,1
4502,211,241,1
4503,211,277,1
4504,211,382,1
4505,212,273,1
4506,212,301,2
4507,212,365,1
4508,213,260,1
4509,213,351,1
4510,213,361,1
4511,213,369,2
4512,213,370,1
4513,214,218,2
4514,214,226,1
4515,214,240,1
4516,214,300,1
4517,214,350,1
4518,214,352,1
4519,214,381,1
4520,214,382,2
4521,214,389,1
4522,214,422,1
4523,214,437,1
4524,215,244,1
4525,215,391,2
4526,215,431,1
4527,216,227,1
4528,216,277,1
4529,216,285,1
4530,216,414,1
4531,217,226,1
4532,217,230,1
4533,217,235,5
4534,217,238,1
4535,217,239,2
4536,217,240,1
4537,217,245,1
4538,217,254,1
4539,217,260,1
4540,217,261,1
4541,217,263,1
4542,217,266,4
4543,217,274,1
4544,217,275,2
4545,217,277,1
4546,217,288,1
4547,217,295,2
4548,217,296,2
4549,217,301,1
4550,217,315,1
4551,217,365,1
4552,217,367,1
4553,217,368,1
4554,217,382,3
4555,217,388,1
4556,217,406,1
4557,217,414,1
4558,217,446,1
4559,217,469,1
4560,217,470,1
4561,217,489,1
4562,217,490,1
4563,218,219,6
4564,218,238,2
4565,218,254,1
4566,218,274,1
4567,218,301,1
4568,218,382,1
4569,218,410,1
4570,218,422,1
4571,219,243,1
4572,219,338,1
4573,220,239,1
4574,220,278,1
4575,220,329,2
4576,220,341,1
4577,220,425,2
4578,220,437,1
4579,220,453,1
4580,220,454,1
4581,220,513,2
4582,222,260,1
4583,222,420,1
4584,223,224,2
4585,223,286,1
4586,225,291,1
4587,225,301,1
4588,226,255,4
4589,227,260,2
4590,227,291,1
4591,227,414,1
4592,229,260,1
4593,229,275,2
4594,229,353,2
4595,229,384,1
4596,229,391,2
4597,229,431,1
4598,229,475,1
4599,229,516,1
4600,230,294,2
4601,230,296,1
4602,230,298,1
4603,230,304,2
4604,230,369,3
4605,231,262,1
4606,231,263,1
4607,232,239,1
4608,232,304,1
4609,232,309,1
4610,232,311,1
4611,232,320,1
4612,233,268,1
4613,233,269,1
4614,233,282,1
4615,233,306,2
4616,234,235,2
4617,234,241,1
4618,234,244,1
4619,234,262,1
4620,234,291,3
4621,234,317,1
4622,234,331,3
4623,234,392,1
4624,234,399,1
4625,234,417,1
4626,234,426,2
4627,234,439,1
4628,237,291,2
4629,237,331,1
4630,237,387,1
4631,237,388,1
4632,237,405,1
4633,237,443,1
4634,238,251,1
4635,238,254,1
4636,238,282,2
4637,238,289,2
4638,238,298,1
4639,238,303,2
4640,238,315,1
4641,239,263,1
4642,239,266,1
4643,239,306,1
4644,239,309,1
4645,239,330,2
4646,239,342,1
4647,239,364,1
4648,239,386,1
4649,239,406,1
4650,240,296,1
4651,240,437,1
4652,241,259,3
4653,244,245,1
4654,244,260,1
4655,244,263,3
4656,244,291,1
4657,244,301,1
4658,244,331,1
4659,244,332,2
4660,244,391,1
4661,244,392,1
4662,244,399,2
4663,244,402,1
4664,244,403,1
4665,244,414,1
4666,244,432,1
4667,244,434,1
4668,245,272,1
4669,245,276,1
4670,245,458,1
4671,246,362,1
4672,246,364,1
4673,246,481,1
4674,247,275,1
4675,247,277,1
4676,247,398,2
4677,249,250,2
4678,250,266,1
4679,250,267,1
4680,250,496,1
4681,251,252,1
4682,251,263,1
4683,251,326,1
4684,252,264,1
4685,252,479,1
4686,254,261,1
4687,254,352,1
4688,254,432,1
4689,254,460,2
4690,255,341,1
4691,255,393,1
4692,258,315,2
4693,259,265,2
4694,259,275,1
4695,259,299,1
4696,260,262,1
4697,260,266,1
4698,260,275,1
4699,260,291,1
4700,260,301,1
4701,260,368,1
4702,260,387,1
4703,260,388,1
4704,260,414,1
4705,260,420,1
4706,260,433,1
4707,260,475,1
4708,261,279,1
4709,262,263,1
4710,262,328,2
4711,263,284,1
4712,263,288,1
4713,263,291,2
4714,263,306,1
4715,263,388,1
4716,263,406,1
4717,263,414,1
4718,263,451,1
4719,263,480,1
4720,263,488,1
4721,264,368,1
4722,264,479,1
4723,265,322,2
4724,266,267,1
4725,266,295,8
4726,266,364,1
4727,266,440,2
4728,266,449,1
4729,267,380,1
4730,267,493,1
4731,267,496,1
4732,268,269,5
4733,268,275,2
4734,268,307,1
4735,268,321,2
4736,269,307,1
4737,269,321,1
4738,273,413,1
4739,275,277,1
4740,275,282,1
4741,275,318,1
4742,275,319,1
4743,275,331,1
4744,275,353,1
4745,275,367,1
4746,275,393,1
4747,275,398,1
4748,275,460,1
4749,275,488,1
4750,276,291,1
4751,276,382,1
4752,277,398,1
4753,277,414,2
4754,278,283,1
4755,279,280,2
4756,281,282,1
4757,281,283,1
4758,281,284,1
4759,282,283,3
4760,282,284,1
4761,282,301,1
4762,282,331,1
4763,282,367,1
4764,282,373,2
4765,282,403,1
4766,282,418,1
4767,282,470,1
4768,282,475,1
4769,282,487,1
4770,283,284,2
4771,283,291,1
4772,283,308,1
4773,283,332,1
4774,283,346,2
4775,283,425,1
4776,283,435,1
4777,284,289,1
4778,284,291,2
4779,284,303,1
4780,284,305,3
4781,284,403,1
4782,284,414,1
4783,284,455,6
4784,288,289,7
4785,288,347,4
4786,288,408,3
4787,289,303,7
4788,289,347,2
4789,289,390,1
4790,289,394,3
4791,289,408,1
4792,289,483,3
4793,291,297,1
4794,291,331,1
4795,291,332,1
4796,291,334,1
4797,291,360,2
4798,291,388,1
4799,291,399,4
4800,291,403,1
4801,291,406,1
4802,291,421,4
4803,291,426,2
4804,291,439,5
4805,291,442,1
4806,291,446,1
4807,291,450,2
4808,291,451,2
4809,291,462,1
4810,291,476,1
4811,291,505,1
4812,291,508,2
4813,291,509,2
4814,294,304,1
4815,294,309,2
4816,295,382,1
4817,295,440,2
4818,295,449,1
4819,296,298,1
4820,296,301,1
4821,296,393,1
4822,296,471,1
4823,298,335,1
4824,298,350,1
4825,298,355,1
4826,298,365,1
4827,298,369,1
4828,298,383,1
4829,300,313,1
4830,300,339,1
4831,300,342,1
4832,301,322,1
4833,301,335,1
4834,301,365,1
4835,301,388,1
4836,301,475,1
4837,301,488,1
4838,303,407,1
4839,303,483,1
4840,304,326,3
4841,304,362,1
4842,304,371,2
4843,304,372,2
4844,306,307,1
4845,306,308,1
4846,306,356,1
4847,306,388,1
4848,306,399,1
4849,306,409,3
4850,306,427,1
4851,307,308,2
4852,311,344,1
4853,313,314,1
4854,314,433,1
4855,316,369,1
4856,317,397,1
4857,317,433,1
4858,318,319,2
4859,319,332,1
4860,319,393,1
4861,320,399,2
4862,324,342,1
4863,326,371,2
4864,326,372,2
4865,326,429,2
4866,328,419,1
4867,328,426,1
4868,328,444,1
4869,331,332,1
4870,331,333,2
4871,331,484,1
4872,331,488,1
4873,331,500,1
4874,332,333,1
4875,332,393,1
4876,332,399,1
4877,334,392,2
4878,335,488,1
4879,336,480,1
4880,340,367,1
4881,342,343,1
4882,342,363,1
4883,342,367,1
4884,350,364,1
4885,352,382,1
4886,352,423,1
4887,353,516,1
4888,355,363,2
4889,357,358,2
4890,357,359,2
4891,361,369,2
4892,362,364,1
4893,362,365,1
4894,363,433,1
4895,365,383,1
4896,368,494,1
4897,369,370,2
4898,369,379,1
4899,370,379,1
4900,371,372,2
4901,373,487,1
4902,374,470,1
4903,375,441,1
4904,376,377,2
4905,381,382,7
4906,381,410,1
4907,381,416,1
4908,381,417,1
4909,381,423,1
4910,382,410,6
4911,382,411,4
4912,382,414,1
4913,382,415,4
4914,382,416,1
4915,382,417,8
4916,382,423,18
4917,382,440,2
4918,382,465,1
4919,385,386,1
4920,386,497,1
4921,387,388,9
4922,387,404,1
4923,387,405,1
4924,387,443,3
4925,387,445,1
4926,387,461,2
4927,387,474,1
4928,388,401,3
4929,388,424,1
4930,388,443,2
4931,388,445,1
4932,388,446,1
4933,388,448,1
4934,388,461,1
4935,388,470,5
4936,388,501,1
4937,388,507,1
4938,391,402,1
4939,391,431,3
4940,392,402,1
4941,392,501,1
4942,397,433,1
4943,399,402,3
4944,399,406,1
4945,399,438,1
4946,399,447,1
4947,399,451,2
4948,399,452,2
4949,399,492,1
4950,399,498,1
4951,399,508,1
4952,402,431,1
4953,402,451,1
4954,402,452,1
4955,403,433,1
4956,410,411,2
4957,414,415,1
4958,414,455,1
4959,414,467,1
4960,415,423,1
4961,417,423,1
4962,421,426,2
4963,424,507,1
4964,439,440,1
4965,445,474,2
4966,446,462,2
4967,451,452,2
4968,456,457,2
4969,458,507,1
4970,468,507,1
4971,475,491,1
4972,477,478,2
4973,485,486,1
4974,489,490,4
4975,493,496,1
4976,511,512,1
